uniqueid,assignmentid,workerid,hitid,ipaddress,browser,platform,language,cond,counterbalance,codeversion,beginhit,beginexp,endhit,bonus,status,mode,datastring
debug8TWO1D:debugLHJ5LZ,debugLHJ5LZ,debug8TWO1D,debugSKCD0N,127.0.0.1,chrome,linux,UNKNOWN,0,0,1.0,2018-08-21 12:13:31.622754,2018-08-21 12:13:35.448630,2018-08-21 12:13:59.760389,0.0,3,debug,"{""condition"":0,""counterbalance"":0,""assignmentId"":""debugLHJ5LZ"",""workerId"":""debug8TWO1D"",""hitId"":""debugSKCD0N"",""currenttrial"":15,""bonus"":0,""data"":[{""uniqueid"":""debug8TWO1D:debugLHJ5LZ"",""current_trial"":0,""dateTime"":1534868011977,""trialdata"":{""phase"":""INSTRUCTIONS"",""templates"":[""instructions/instruct-1.html"",""instructions/instruct-ready.html""],""action"":""Begin""}},{""uniqueid"":""debug8TWO1D:debugLHJ5LZ"",""current_trial"":1,""dateTime"":1534868013976,""trialdata"":{""phase"":""INSTRUCTIONS"",""template"":""instructions/instruct-1.html"",""indexOf"":0,""action"":""NextPage"",""viewTime"":1996}},{""uniqueid"":""debug8TWO1D:debugLHJ5LZ"",""current_trial"":2,""dateTime"":1534868015098,""trialdata"":{""phase"":""INSTRUCTIONS"",""template"":""instructions/instruct-ready.html"",""indexOf"":1,""action"":""FinishInstructions"",""viewTime"":1119}},{""uniqueid"":""debug8TWO1D:debugLHJ5LZ"",""current_trial"":3,""dateTime"":1534868017457,""trialdata"":{""phase"":""TEST"",""imageID"":""static/dataset/gif_1.gif"",""response"":""a"",""hit"":1,""rt"":2347,""trial"":1}},{""uniqueid"":""debug8TWO1D:debugLHJ5LZ"",""current_trial"":4,""dateTime"":1534868019536,""trialdata"":{""phase"":""TEST"",""imageID"":""static/dataset/gif_10.gif"",""response"":""a"",""hit"":10,""rt"":2079,""trial"":2}},{""uniqueid"":""debug8TWO1D:debugLHJ5LZ"",""current_trial"":5,""dateTime"":1534868021033,""trialdata"":{""phase"":""TEST"",""imageID"":""static/dataset/gif_2.gif"",""response"":""b"",""hit"":2,""rt"":1496,""trial"":3}},{""uniqueid"":""debug8TWO1D:debugLHJ5LZ"",""current_trial"":6,""dateTime"":1534868022720,""trialdata"":{""phase"":""TEST"",""imageID"":""static/dataset/gif_7.gif"",""response"":""b"",""hit"":7,""rt"":1687,""trial"":4}},{""uniqueid"":""debug8TWO1D:debugLHJ5LZ"",""current_trial"":7,""dateTime"":1534868024401,""trialdata"":{""phase"":""TEST"",""imageID"":""static/dataset/gif_9.gif"",""response"":""c"",""hit"":9,""rt"":1680,""trial"":5}},{""uniqueid"":""debug8TWO1D:debugLHJ5LZ"",""current_trial"":8,""dateTime"":1534868026073,""trialdata"":{""phase"":""TEST"",""imageID"":""static/dataset/gif_4.gif"",""response"":""c"",""hit"":4,""rt"":1672,""trial"":6}},{""uniqueid"":""debug8TWO1D:debugLHJ5LZ"",""current_trial"":9,""dateTime"":1534868027824,""trialdata"":{""phase"":""TEST"",""imageID"":""static/dataset/gif_3.gif"",""response"":""d"",""hit"":3,""rt"":1751,""trial"":7}},{""uniqueid"":""debug8TWO1D:debugLHJ5LZ"",""current_trial"":10,""dateTime"":1534868029416,""trialdata"":{""phase"":""TEST"",""imageID"":""static/dataset/gif_6.gif"",""response"":""d"",""hit"":6,""rt"":1591,""trial"":8}},{""uniqueid"":""debug8TWO1D:debugLHJ5LZ"",""current_trial"":11,""dateTime"":1534868031848,""trialdata"":{""phase"":""TEST"",""imageID"":""static/dataset/gif_8.gif"",""response"":""e"",""hit"":8,""rt"":2431,""trial"":9}},{""uniqueid"":""debug8TWO1D:debugLHJ5LZ"",""current_trial"":12,""dateTime"":1534868033529,""trialdata"":{""phase"":""TEST"",""imageID"":""static/dataset/gif_5.gif"",""response"":""e"",""hit"":5,""rt"":1680,""trial"":10}},{""uniqueid"":""debug8TWO1D:debugLHJ5LZ"",""current_trial"":13,""dateTime"":1534868033531,""trialdata"":{""phase"":""postquestionnaire"",""status"":""begin""}},{""uniqueid"":""debug8TWO1D:debugLHJ5LZ"",""current_trial"":14,""dateTime"":1534868039570,""trialdata"":{""phase"":""postquestionnaire"",""status"":""submit""}}],""questiondata"":{""mode"":""debug"",""condition"":0,""engagement"":""7"",""difficulty"":""1""},""eventdata"":[{""eventtype"":""initialized"",""value"":null,""timestamp"":1534868011938,""interval"":0},{""eventtype"":""window_resize"",""value"":[1855,1028],""timestamp"":1534868011939,""interval"":1}],""useragent"":""Mozilla/5.0 (X11; Linux x86_64) AppleWebKit/537.36 (KHTML, like Gecko) Chrome/65.0.3325.181 Safari/537.36"",""mode"":""debug"",""status"":""user data saved""}"
A1KV2VPZ1TE6AJ:3UXUOQ9OKF7INX3SC1WZMMN60N37AP,3UXUOQ9OKF7INX3SC1WZMMN60N37AP,A1KV2VPZ1TE6AJ,30ZKOOGW2WG1PRQWXJAPXS0CNX11AY,73.114.134.79,chrome,linux,UNKNOWN,0,0,1.0,2018-08-21 16:23:38.116263,2018-08-21 16:23:43.725622,2018-08-21 16:24:31.367157,0.0,4,,"{""condition"":0,""counterbalance"":0,""assignmentId"":""3UXUOQ9OKF7INX3SC1WZMMN60N37AP"",""workerId"":""A1KV2VPZ1TE6AJ"",""hitId"":""30ZKOOGW2WG1PRQWXJAPXS0CNX11AY"",""currenttrial"":15,""bonus"":0,""data"":[{""uniqueid"":""A1KV2VPZ1TE6AJ:3UXUOQ9OKF7INX3SC1WZMMN60N37AP"",""current_trial"":0,""dateTime"":1534868618054,""trialdata"":{""phase"":""INSTRUCTIONS"",""templates"":[""instructions/instruct-1.html"",""instructions/instruct-ready.html""],""action"":""Begin""}},{""uniqueid"":""A1KV2VPZ1TE6AJ:3UXUOQ9OKF7INX3SC1WZMMN60N37AP"",""current_trial"":1,""dateTime"":1534868620259,""trialdata"":{""phase"":""INSTRUCTIONS"",""template"":""instructions/instruct-1.html"",""indexOf"":0,""action"":""NextPage"",""viewTime"":2198}},{""uniqueid"":""A1KV2VPZ1TE6AJ:3UXUOQ9OKF7INX3SC1WZMMN60N37AP"",""current_trial"":2,""dateTime"":1534868622554,""trialdata"":{""phase"":""INSTRUCTIONS"",""template"":""instructions/instruct-ready.html"",""indexOf"":1,""action"":""FinishInstructions"",""viewTime"":2291}},{""uniqueid"":""A1KV2VPZ1TE6AJ:3UXUOQ9OKF7INX3SC1WZMMN60N37AP"",""current_trial"":3,""dateTime"":1534868627057,""trialdata"":{""phase"":""TEST"",""imageID"":""static/dataset/gif_6.gif"",""response"":""table1"",""hit"":6,""rt"":4497,""trial"":1}},{""uniqueid"":""A1KV2VPZ1TE6AJ:3UXUOQ9OKF7INX3SC1WZMMN60N37AP"",""current_trial"":4,""dateTime"":1534868630953,""trialdata"":{""phase"":""TEST"",""imageID"":""static/dataset/gif_7.gif"",""response"":""table2"",""hit"":7,""rt"":3895,""trial"":2}},{""uniqueid"":""A1KV2VPZ1TE6AJ:3UXUOQ9OKF7INX3SC1WZMMN60N37AP"",""current_trial"":5,""dateTime"":1534868634424,""trialdata"":{""phase"":""TEST"",""imageID"":""static/dataset/gif_8.gif"",""response"":""table3"",""hit"":8,""rt"":3470,""trial"":3}},{""uniqueid"":""A1KV2VPZ1TE6AJ:3UXUOQ9OKF7INX3SC1WZMMN60N37AP"",""current_trial"":6,""dateTime"":1534868638369,""trialdata"":{""phase"":""TEST"",""imageID"":""static/dataset/gif_10.gif"",""response"":""table4"",""hit"":10,""rt"":3944,""trial"":4}},{""uniqueid"":""A1KV2VPZ1TE6AJ:3UXUOQ9OKF7INX3SC1WZMMN60N37AP"",""current_trial"":7,""dateTime"":1534868641697,""trialdata"":{""phase"":""TEST"",""imageID"":""static/dataset/gif_4.gif"",""response"":""chair1"",""hit"":4,""rt"":3327,""trial"":5}},{""uniqueid"":""A1KV2VPZ1TE6AJ:3UXUOQ9OKF7INX3SC1WZMMN60N37AP"",""current_trial"":8,""dateTime"":1534868647257,""trialdata"":{""phase"":""TEST"",""imageID"":""static/dataset/gif_2.gif"",""response"":""chair2"",""hit"":2,""rt"":5560,""trial"":6}},{""uniqueid"":""A1KV2VPZ1TE6AJ:3UXUOQ9OKF7INX3SC1WZMMN60N37AP"",""current_trial"":9,""dateTime"":1534868650977,""trialdata"":{""phase"":""TEST"",""imageID"":""static/dataset/gif_3.gif"",""response"":""chair3"",""hit"":3,""rt"":3720,""trial"":7}},{""uniqueid"":""A1KV2VPZ1TE6AJ:3UXUOQ9OKF7INX3SC1WZMMN60N37AP"",""current_trial"":10,""dateTime"":1534868654705,""trialdata"":{""phase"":""TEST"",""imageID"":""static/dataset/gif_5.gif"",""response"":""chair4"",""hit"":5,""rt"":3728,""trial"":8}},{""uniqueid"":""A1KV2VPZ1TE6AJ:3UXUOQ9OKF7INX3SC1WZMMN60N37AP"",""current_trial"":11,""dateTime"":1534868658600,""trialdata"":{""phase"":""TEST"",""imageID"":""static/dataset/gif_1.gif"",""response"":""chair5"",""hit"":1,""rt"":3895,""trial"":9}},{""uniqueid"":""A1KV2VPZ1TE6AJ:3UXUOQ9OKF7INX3SC1WZMMN60N37AP"",""current_trial"":12,""dateTime"":1534868664177,""trialdata"":{""phase"":""TEST"",""imageID"":""static/dataset/gif_9.gif"",""response"":""table5"",""hit"":9,""rt"":5576,""trial"":10}},{""uniqueid"":""A1KV2VPZ1TE6AJ:3UXUOQ9OKF7INX3SC1WZMMN60N37AP"",""current_trial"":13,""dateTime"":1534868664179,""trialdata"":{""phase"":""postquestionnaire"",""status"":""begin""}},{""uniqueid"":""A1KV2VPZ1TE6AJ:3UXUOQ9OKF7INX3SC1WZMMN60N37AP"",""current_trial"":14,""dateTime"":1534868669954,""trialdata"":{""phase"":""postquestionnaire"",""status"":""submit""}}],""questiondata"":{""mode"":""sandbox"",""condition"":0,""engagement"":""10"",""difficulty"":""10""},""eventdata"":[{""eventtype"":""initialized"",""value"":null,""timestamp"":1534868617716,""interval"":0},{""eventtype"":""window_resize"",""value"":[1855,1028],""timestamp"":1534868617716,""interval"":0}],""useragent"":"""",""status"":""user data saved""}"
A21389CE81CPZ0:386CSBG1O0WR6DW4INOEYJ7DBUAQ68,386CSBG1O0WR6DW4INOEYJ7DBUAQ68,A21389CE81CPZ0,32FESTC2NH05R3ESJLGK600OIJHCU5,50.49.179.46,chrome,windows,UNKNOWN,0,0,1.0,2018-08-21 16:54:22.689589,2018-08-21 16:55:16.993674,2018-08-21 16:56:35.646093,0.0,5,,"{""condition"":0,""counterbalance"":0,""assignmentId"":""386CSBG1O0WR6DW4INOEYJ7DBUAQ68"",""workerId"":""A21389CE81CPZ0"",""hitId"":""32FESTC2NH05R3ESJLGK600OIJHCU5"",""currenttrial"":15,""bonus"":0,""data"":[{""uniqueid"":""A21389CE81CPZ0:386CSBG1O0WR6DW4INOEYJ7DBUAQ68"",""current_trial"":0,""dateTime"":1534870466819,""trialdata"":{""phase"":""INSTRUCTIONS"",""templates"":[""instructions/instruct-1.html"",""instructions/instruct-ready.html""],""action"":""Begin""}},{""uniqueid"":""A21389CE81CPZ0:386CSBG1O0WR6DW4INOEYJ7DBUAQ68"",""current_trial"":1,""dateTime"":1534870513178,""trialdata"":{""phase"":""INSTRUCTIONS"",""template"":""instructions/instruct-1.html"",""indexOf"":0,""action"":""NextPage"",""viewTime"":46320}},{""uniqueid"":""A21389CE81CPZ0:386CSBG1O0WR6DW4INOEYJ7DBUAQ68"",""current_trial"":2,""dateTime"":1534870517295,""trialdata"":{""phase"":""INSTRUCTIONS"",""template"":""instructions/instruct-ready.html"",""indexOf"":1,""action"":""FinishInstructions"",""viewTime"":4105}},{""uniqueid"":""A21389CE81CPZ0:386CSBG1O0WR6DW4INOEYJ7DBUAQ68"",""current_trial"":3,""dateTime"":1534870524809,""trialdata"":{""phase"":""TEST"",""imageID"":""static/dataset/gif_8.gif"",""response"":""desk"",""hit"":8,""rt"":7484,""trial"":1}},{""uniqueid"":""A21389CE81CPZ0:386CSBG1O0WR6DW4INOEYJ7DBUAQ68"",""current_trial"":4,""dateTime"":1534870530917,""trialdata"":{""phase"":""TEST"",""imageID"":""static/dataset/gif_6.gif"",""response"":""table"",""hit"":6,""rt"":6108,""trial"":2}},{""uniqueid"":""A21389CE81CPZ0:386CSBG1O0WR6DW4INOEYJ7DBUAQ68"",""current_trial"":5,""dateTime"":1534870536905,""trialdata"":{""phase"":""TEST"",""imageID"":""static/dataset/gif_7.gif"",""response"":""table"",""hit"":7,""rt"":5988,""trial"":3}},{""uniqueid"":""A21389CE81CPZ0:386CSBG1O0WR6DW4INOEYJ7DBUAQ68"",""current_trial"":6,""dateTime"":1534870543119,""trialdata"":{""phase"":""TEST"",""imageID"":""static/dataset/gif_5.gif"",""response"":""chair"",""hit"":5,""rt"":6213,""trial"":4}},{""uniqueid"":""A21389CE81CPZ0:386CSBG1O0WR6DW4INOEYJ7DBUAQ68"",""current_trial"":7,""dateTime"":1534870549201,""trialdata"":{""phase"":""TEST"",""imageID"":""static/dataset/gif_1.gif"",""response"":""chair"",""hit"":1,""rt"":6082,""trial"":5}},{""uniqueid"":""A21389CE81CPZ0:386CSBG1O0WR6DW4INOEYJ7DBUAQ68"",""current_trial"":8,""dateTime"":1534870554204,""trialdata"":{""phase"":""TEST"",""imageID"":""static/dataset/gif_9.gif"",""response"":""table"",""hit"":9,""rt"":5001,""trial"":6}},{""uniqueid"":""A21389CE81CPZ0:386CSBG1O0WR6DW4INOEYJ7DBUAQ68"",""current_trial"":9,""dateTime"":1534870560310,""trialdata"":{""phase"":""TEST"",""imageID"":""static/dataset/gif_4.gif"",""response"":""chair"",""hit"":4,""rt"":6105,""trial"":7}},{""uniqueid"":""A21389CE81CPZ0:386CSBG1O0WR6DW4INOEYJ7DBUAQ68"",""current_trial"":10,""dateTime"":1534870565080,""trialdata"":{""phase"":""TEST"",""imageID"":""static/dataset/gif_10.gif"",""response"":""table"",""hit"":10,""rt"":4769,""trial"":8}},{""uniqueid"":""A21389CE81CPZ0:386CSBG1O0WR6DW4INOEYJ7DBUAQ68"",""current_trial"":11,""dateTime"":1534870569898,""trialdata"":{""phase"":""TEST"",""imageID"":""static/dataset/gif_2.gif"",""response"":""chair"",""hit"":2,""rt"":4817,""trial"":9}},{""uniqueid"":""A21389CE81CPZ0:386CSBG1O0WR6DW4INOEYJ7DBUAQ68"",""current_trial"":12,""dateTime"":1534870574813,""trialdata"":{""phase"":""TEST"",""imageID"":""static/dataset/gif_3.gif"",""response"":""chair"",""hit"":3,""rt"":4910,""trial"":10}},{""uniqueid"":""A21389CE81CPZ0:386CSBG1O0WR6DW4INOEYJ7DBUAQ68"",""current_trial"":13,""dateTime"":1534870574818,""trialdata"":{""phase"":""postquestionnaire"",""status"":""begin""}},{""uniqueid"":""A21389CE81CPZ0:386CSBG1O0WR6DW4INOEYJ7DBUAQ68"",""current_trial"":14,""dateTime"":1534870595726,""trialdata"":{""phase"":""postquestionnaire"",""status"":""submit""}}],""questiondata"":{""mode"":""live"",""condition"":0,""engagement"":""10"",""difficulty"":""2""},""eventdata"":[{""eventtype"":""initialized"",""value"":null,""timestamp"":1534870464501,""interval"":0},{""eventtype"":""window_resize"",""value"":[1280,977],""timestamp"":1534870464501,""interval"":0},{""eventtype"":""window_resize"",""value"":[1280,933],""timestamp"":1534870506652,""interval"":42151}],""useragent"":"""",""status"":""user data saved""}"
AV7XLE4NZLC3Z:33L7PJKHCH8R277KS6F7N2ER1WZ8TQ,33L7PJKHCH8R277KS6F7N2ER1WZ8TQ,AV7XLE4NZLC3Z,32FESTC2NH05R3ESJLGK600OIJHCU5,49.204.142.173,chrome,windows,UNKNOWN,0,0,1.0,2018-08-21 16:54:32.423857,,,0.0,1,,
A30Q8D20T8A5ZR:3ZY8KE4ISKDCL3B5JVWMABNCSN1VQ4,3ZY8KE4ISKDCL3B5JVWMABNCSN1VQ4,A30Q8D20T8A5ZR,32FESTC2NH05R3ESJLGK600OIJHCU5,173.249.136.106,chrome,windows,UNKNOWN,0,0,1.0,2018-08-21 16:55:16.039335,2018-08-21 16:55:46.138612,2018-08-21 16:56:40.383421,0.0,5,,"{""condition"":0,""counterbalance"":0,""assignmentId"":""3ZY8KE4ISKDCL3B5JVWMABNCSN1VQ4"",""workerId"":""A30Q8D20T8A5ZR"",""hitId"":""32FESTC2NH05R3ESJLGK600OIJHCU5"",""currenttrial"":15,""bonus"":0,""data"":[{""uniqueid"":""A30Q8D20T8A5ZR:3ZY8KE4ISKDCL3B5JVWMABNCSN1VQ4"",""current_trial"":0,""dateTime"":1534870523398,""trialdata"":{""phase"":""INSTRUCTIONS"",""templates"":[""instructions/instruct-1.html"",""instructions/instruct-ready.html""],""action"":""Begin""}},{""uniqueid"":""A30Q8D20T8A5ZR:3ZY8KE4ISKDCL3B5JVWMABNCSN1VQ4"",""current_trial"":1,""dateTime"":1534870542220,""trialdata"":{""phase"":""INSTRUCTIONS"",""template"":""instructions/instruct-1.html"",""indexOf"":0,""action"":""NextPage"",""viewTime"":18818}},{""uniqueid"":""A30Q8D20T8A5ZR:3ZY8KE4ISKDCL3B5JVWMABNCSN1VQ4"",""current_trial"":2,""dateTime"":1534870544372,""trialdata"":{""phase"":""INSTRUCTIONS"",""template"":""instructions/instruct-ready.html"",""indexOf"":1,""action"":""FinishInstructions"",""viewTime"":2150}},{""uniqueid"":""A30Q8D20T8A5ZR:3ZY8KE4ISKDCL3B5JVWMABNCSN1VQ4"",""current_trial"":3,""dateTime"":1534870549643,""trialdata"":{""phase"":""TEST"",""imageID"":""static/dataset/gif_10.gif"",""response"":""Table"",""hit"":10,""rt"":5266,""trial"":1}},{""uniqueid"":""A30Q8D20T8A5ZR:3ZY8KE4ISKDCL3B5JVWMABNCSN1VQ4"",""current_trial"":4,""dateTime"":1534870554123,""trialdata"":{""phase"":""TEST"",""imageID"":""static/dataset/gif_8.gif"",""response"":""Table"",""hit"":8,""rt"":4480,""trial"":2}},{""uniqueid"":""A30Q8D20T8A5ZR:3ZY8KE4ISKDCL3B5JVWMABNCSN1VQ4"",""current_trial"":5,""dateTime"":1534870558251,""trialdata"":{""phase"":""TEST"",""imageID"":""static/dataset/gif_5.gif"",""response"":""Chair"",""hit"":5,""rt"":4128,""trial"":3}},{""uniqueid"":""A30Q8D20T8A5ZR:3ZY8KE4ISKDCL3B5JVWMABNCSN1VQ4"",""current_trial"":6,""dateTime"":1534870561915,""trialdata"":{""phase"":""TEST"",""imageID"":""static/dataset/gif_1.gif"",""response"":""Chair"",""hit"":1,""rt"":3663,""trial"":4}},{""uniqueid"":""A30Q8D20T8A5ZR:3ZY8KE4ISKDCL3B5JVWMABNCSN1VQ4"",""current_trial"":7,""dateTime"":1534870567203,""trialdata"":{""phase"":""TEST"",""imageID"":""static/dataset/gif_4.gif"",""response"":""Chair"",""hit"":4,""rt"":5288,""trial"":5}},{""uniqueid"":""A30Q8D20T8A5ZR:3ZY8KE4ISKDCL3B5JVWMABNCSN1VQ4"",""current_trial"":8,""dateTime"":1534870571452,""trialdata"":{""phase"":""TEST"",""imageID"":""static/dataset/gif_9.gif"",""response"":""Table"",""hit"":9,""rt"":4249,""trial"":6}},{""uniqueid"":""A30Q8D20T8A5ZR:3ZY8KE4ISKDCL3B5JVWMABNCSN1VQ4"",""current_trial"":9,""dateTime"":1534870574684,""trialdata"":{""phase"":""TEST"",""imageID"":""static/dataset/gif_2.gif"",""response"":""Chair"",""hit"":2,""rt"":3232,""trial"":7}},{""uniqueid"":""A30Q8D20T8A5ZR:3ZY8KE4ISKDCL3B5JVWMABNCSN1VQ4"",""current_trial"":10,""dateTime"":1534870577933,""trialdata"":{""phase"":""TEST"",""imageID"":""static/dataset/gif_7.gif"",""response"":""Table"",""hit"":7,""rt"":3249,""trial"":8}},{""uniqueid"":""A30Q8D20T8A5ZR:3ZY8KE4ISKDCL3B5JVWMABNCSN1VQ4"",""current_trial"":11,""dateTime"":1534870581189,""trialdata"":{""phase"":""TEST"",""imageID"":""static/dataset/gif_6.gif"",""response"":""Table"",""hit"":6,""rt"":3256,""trial"":9}},{""uniqueid"":""A30Q8D20T8A5ZR:3ZY8KE4ISKDCL3B5JVWMABNCSN1VQ4"",""current_trial"":12,""dateTime"":1534870584548,""trialdata"":{""phase"":""TEST"",""imageID"":""static/dataset/gif_3.gif"",""response"":""Chair"",""hit"":3,""rt"":3359,""trial"":10}},{""uniqueid"":""A30Q8D20T8A5ZR:3ZY8KE4ISKDCL3B5JVWMABNCSN1VQ4"",""current_trial"":13,""dateTime"":1534870584549,""trialdata"":{""phase"":""postquestionnaire"",""status"":""begin""}},{""uniqueid"":""A30Q8D20T8A5ZR:3ZY8KE4ISKDCL3B5JVWMABNCSN1VQ4"",""current_trial"":14,""dateTime"":1534870598740,""trialdata"":{""phase"":""postquestionnaire"",""status"":""submit""}}],""questiondata"":{""mode"":""live"",""condition"":0,""engagement"":""8"",""difficulty"":""2""},""eventdata"":[{""eventtype"":""initialized"",""value"":null,""timestamp"":1534870515397,""interval"":0},{""eventtype"":""window_resize"",""value"":[1920,1040],""timestamp"":1534870515397,""interval"":0}],""useragent"":"""",""status"":""user data saved""}"
A6YZ7PC1KBUI3:3Q8GYXHFEQCRT8M78MDEM84WBKZC5A,3Q8GYXHFEQCRT8M78MDEM84WBKZC5A,A6YZ7PC1KBUI3,32FESTC2NH05R3ESJLGK600OIJHCU5,198.85.219.14,safari,macos,UNKNOWN,0,0,1.0,2018-08-21 16:56:48.169016,2018-08-21 16:57:01.583503,2018-08-21 16:58:31.107028,0.0,5,,"{""condition"":0,""counterbalance"":0,""assignmentId"":""3Q8GYXHFEQCRT8M78MDEM84WBKZC5A"",""workerId"":""A6YZ7PC1KBUI3"",""hitId"":""32FESTC2NH05R3ESJLGK600OIJHCU5"",""currenttrial"":15,""bonus"":0,""data"":[{""uniqueid"":""A6YZ7PC1KBUI3:3Q8GYXHFEQCRT8M78MDEM84WBKZC5A"",""current_trial"":0,""dateTime"":1534870607728,""trialdata"":{""phase"":""INSTRUCTIONS"",""templates"":[""instructions/instruct-1.html"",""instructions/instruct-ready.html""],""action"":""Begin""}},{""uniqueid"":""A6YZ7PC1KBUI3:3Q8GYXHFEQCRT8M78MDEM84WBKZC5A"",""current_trial"":1,""dateTime"":1534870618729,""trialdata"":{""phase"":""INSTRUCTIONS"",""template"":""instructions/instruct-1.html"",""indexOf"":0,""action"":""NextPage"",""viewTime"":10999}},{""uniqueid"":""A6YZ7PC1KBUI3:3Q8GYXHFEQCRT8M78MDEM84WBKZC5A"",""current_trial"":2,""dateTime"":1534870620393,""trialdata"":{""phase"":""INSTRUCTIONS"",""template"":""instructions/instruct-ready.html"",""indexOf"":1,""action"":""FinishInstructions"",""viewTime"":1663}},{""uniqueid"":""A6YZ7PC1KBUI3:3Q8GYXHFEQCRT8M78MDEM84WBKZC5A"",""current_trial"":3,""dateTime"":1534870627305,""trialdata"":{""phase"":""TEST"",""imageID"":""static/dataset/gif_2.gif"",""response"":""chair"",""hit"":2,""rt"":6907,""trial"":1}},{""uniqueid"":""A6YZ7PC1KBUI3:3Q8GYXHFEQCRT8M78MDEM84WBKZC5A"",""current_trial"":4,""dateTime"":1534870632456,""trialdata"":{""phase"":""TEST"",""imageID"":""static/dataset/gif_9.gif"",""response"":""table"",""hit"":9,""rt"":5151,""trial"":2}},{""uniqueid"":""A6YZ7PC1KBUI3:3Q8GYXHFEQCRT8M78MDEM84WBKZC5A"",""current_trial"":5,""dateTime"":1534870641840,""trialdata"":{""phase"":""TEST"",""imageID"":""static/dataset/gif_3.gif"",""response"":""chair"",""hit"":3,""rt"":9383,""trial"":3}},{""uniqueid"":""A6YZ7PC1KBUI3:3Q8GYXHFEQCRT8M78MDEM84WBKZC5A"",""current_trial"":6,""dateTime"":1534870647128,""trialdata"":{""phase"":""TEST"",""imageID"":""static/dataset/gif_7.gif"",""response"":""table"",""hit"":7,""rt"":5287,""trial"":4}},{""uniqueid"":""A6YZ7PC1KBUI3:3Q8GYXHFEQCRT8M78MDEM84WBKZC5A"",""current_trial"":7,""dateTime"":1534870652264,""trialdata"":{""phase"":""TEST"",""imageID"":""static/dataset/gif_8.gif"",""response"":""desk"",""hit"":8,""rt"":5135,""trial"":5}},{""uniqueid"":""A6YZ7PC1KBUI3:3Q8GYXHFEQCRT8M78MDEM84WBKZC5A"",""current_trial"":8,""dateTime"":1534870659400,""trialdata"":{""phase"":""TEST"",""imageID"":""static/dataset/gif_6.gif"",""response"":""table"",""hit"":6,""rt"":7135,""trial"":6}},{""uniqueid"":""A6YZ7PC1KBUI3:3Q8GYXHFEQCRT8M78MDEM84WBKZC5A"",""current_trial"":9,""dateTime"":1534870670872,""trialdata"":{""phase"":""TEST"",""imageID"":""static/dataset/gif_5.gif"",""response"":""sofa"",""hit"":5,""rt"":11472,""trial"":7}},{""uniqueid"":""A6YZ7PC1KBUI3:3Q8GYXHFEQCRT8M78MDEM84WBKZC5A"",""current_trial"":10,""dateTime"":1534870676033,""trialdata"":{""phase"":""TEST"",""imageID"":""static/dataset/gif_4.gif"",""response"":""chair"",""hit"":4,""rt"":5160,""trial"":8}},{""uniqueid"":""A6YZ7PC1KBUI3:3Q8GYXHFEQCRT8M78MDEM84WBKZC5A"",""current_trial"":11,""dateTime"":1534870682248,""trialdata"":{""phase"":""TEST"",""imageID"":""static/dataset/gif_10.gif"",""response"":""table"",""hit"":10,""rt"":6215,""trial"":9}},{""uniqueid"":""A6YZ7PC1KBUI3:3Q8GYXHFEQCRT8M78MDEM84WBKZC5A"",""current_trial"":12,""dateTime"":1534870689505,""trialdata"":{""phase"":""TEST"",""imageID"":""static/dataset/gif_1.gif"",""response"":""chair"",""hit"":1,""rt"":7256,""trial"":10}},{""uniqueid"":""A6YZ7PC1KBUI3:3Q8GYXHFEQCRT8M78MDEM84WBKZC5A"",""current_trial"":13,""dateTime"":1534870689505,""trialdata"":{""phase"":""postquestionnaire"",""status"":""begin""}},{""uniqueid"":""A6YZ7PC1KBUI3:3Q8GYXHFEQCRT8M78MDEM84WBKZC5A"",""current_trial"":14,""dateTime"":1534870709857,""trialdata"":{""phase"":""postquestionnaire"",""status"":""submit""}}],""questiondata"":{""mode"":""live"",""condition"":0,""engagement"":""8"",""difficulty"":""2""},""eventdata"":[{""eventtype"":""initialized"",""value"":null,""timestamp"":1534870607527,""interval"":0},{""eventtype"":""window_resize"",""value"":[2560,1315],""timestamp"":1534870607527,""interval"":0}],""useragent"":"""",""status"":""user data saved""}"
A3IJNRA4E9ZSYA:3B1NLC6UG0683UKVUNIBA5US0CSGPA,3B1NLC6UG0683UKVUNIBA5US0CSGPA,A3IJNRA4E9ZSYA,32FESTC2NH05R3ESJLGK600OIJHCU5,50.194.192.241,chrome,windows,UNKNOWN,0,0,1.0,2018-08-21 16:58:42.817839,2018-08-21 16:59:25.393447,2018-08-21 17:00:17.782099,0.0,5,,"{""condition"":0,""counterbalance"":0,""assignmentId"":""3B1NLC6UG0683UKVUNIBA5US0CSGPA"",""workerId"":""A3IJNRA4E9ZSYA"",""hitId"":""32FESTC2NH05R3ESJLGK600OIJHCU5"",""currenttrial"":15,""bonus"":0,""data"":[{""uniqueid"":""A3IJNRA4E9ZSYA:3B1NLC6UG0683UKVUNIBA5US0CSGPA"",""current_trial"":0,""dateTime"":1534870722801,""trialdata"":{""phase"":""INSTRUCTIONS"",""templates"":[""instructions/instruct-1.html"",""instructions/instruct-ready.html""],""action"":""Begin""}},{""uniqueid"":""A3IJNRA4E9ZSYA:3B1NLC6UG0683UKVUNIBA5US0CSGPA"",""current_trial"":1,""dateTime"":1534870762873,""trialdata"":{""phase"":""INSTRUCTIONS"",""template"":""instructions/instruct-1.html"",""indexOf"":0,""action"":""NextPage"",""viewTime"":40062}},{""uniqueid"":""A3IJNRA4E9ZSYA:3B1NLC6UG0683UKVUNIBA5US0CSGPA"",""current_trial"":2,""dateTime"":1534870764136,""trialdata"":{""phase"":""INSTRUCTIONS"",""template"":""instructions/instruct-ready.html"",""indexOf"":1,""action"":""FinishInstructions"",""viewTime"":1262}},{""uniqueid"":""A3IJNRA4E9ZSYA:3B1NLC6UG0683UKVUNIBA5US0CSGPA"",""current_trial"":3,""dateTime"":1534870772736,""trialdata"":{""phase"":""TEST"",""imageID"":""static/dataset/gif_8.gif"",""response"":""desk"",""hit"":8,""rt"":8595,""trial"":1}},{""uniqueid"":""A3IJNRA4E9ZSYA:3B1NLC6UG0683UKVUNIBA5US0CSGPA"",""current_trial"":4,""dateTime"":1534870776745,""trialdata"":{""phase"":""TEST"",""imageID"":""static/dataset/gif_7.gif"",""response"":""table"",""hit"":7,""rt"":4009,""trial"":2}},{""uniqueid"":""A3IJNRA4E9ZSYA:3B1NLC6UG0683UKVUNIBA5US0CSGPA"",""current_trial"":5,""dateTime"":1534870780992,""trialdata"":{""phase"":""TEST"",""imageID"":""static/dataset/gif_6.gif"",""response"":""table"",""hit"":6,""rt"":4247,""trial"":3}},{""uniqueid"":""A3IJNRA4E9ZSYA:3B1NLC6UG0683UKVUNIBA5US0CSGPA"",""current_trial"":6,""dateTime"":1534870785072,""trialdata"":{""phase"":""TEST"",""imageID"":""static/dataset/gif_3.gif"",""response"":""chair"",""hit"":3,""rt"":4079,""trial"":4}},{""uniqueid"":""A3IJNRA4E9ZSYA:3B1NLC6UG0683UKVUNIBA5US0CSGPA"",""current_trial"":7,""dateTime"":1534870788760,""trialdata"":{""phase"":""TEST"",""imageID"":""static/dataset/gif_1.gif"",""response"":""chair"",""hit"":1,""rt"":3687,""trial"":5}},{""uniqueid"":""A3IJNRA4E9ZSYA:3B1NLC6UG0683UKVUNIBA5US0CSGPA"",""current_trial"":8,""dateTime"":1534870794105,""trialdata"":{""phase"":""TEST"",""imageID"":""static/dataset/gif_10.gif"",""response"":""table"",""hit"":10,""rt"":5344,""trial"":6}},{""uniqueid"":""A3IJNRA4E9ZSYA:3B1NLC6UG0683UKVUNIBA5US0CSGPA"",""current_trial"":9,""dateTime"":1534870797409,""trialdata"":{""phase"":""TEST"",""imageID"":""static/dataset/gif_2.gif"",""response"":""chair"",""hit"":2,""rt"":3304,""trial"":7}},{""uniqueid"":""A3IJNRA4E9ZSYA:3B1NLC6UG0683UKVUNIBA5US0CSGPA"",""current_trial"":10,""dateTime"":1534870800800,""trialdata"":{""phase"":""TEST"",""imageID"":""static/dataset/gif_5.gif"",""response"":""chair"",""hit"":5,""rt"":3391,""trial"":8}},{""uniqueid"":""A3IJNRA4E9ZSYA:3B1NLC6UG0683UKVUNIBA5US0CSGPA"",""current_trial"":11,""dateTime"":1534870804688,""trialdata"":{""phase"":""TEST"",""imageID"":""static/dataset/gif_9.gif"",""response"":""table"",""hit"":9,""rt"":3888,""trial"":9}},{""uniqueid"":""A3IJNRA4E9ZSYA:3B1NLC6UG0683UKVUNIBA5US0CSGPA"",""current_trial"":12,""dateTime"":1534870808560,""trialdata"":{""phase"":""TEST"",""imageID"":""static/dataset/gif_4.gif"",""response"":""chair"",""hit"":4,""rt"":3871,""trial"":10}},{""uniqueid"":""A3IJNRA4E9ZSYA:3B1NLC6UG0683UKVUNIBA5US0CSGPA"",""current_trial"":13,""dateTime"":1534870808562,""trialdata"":{""phase"":""postquestionnaire"",""status"":""begin""}},{""uniqueid"":""A3IJNRA4E9ZSYA:3B1NLC6UG0683UKVUNIBA5US0CSGPA"",""current_trial"":14,""dateTime"":1534870816304,""trialdata"":{""phase"":""postquestionnaire"",""status"":""submit""}}],""questiondata"":{""mode"":""live"",""condition"":0,""engagement"":""8"",""difficulty"":""1""},""eventdata"":[{""eventtype"":""initialized"",""value"":null,""timestamp"":1534870722253,""interval"":0},{""eventtype"":""window_resize"",""value"":[1280,977],""timestamp"":1534870722253,""interval"":0},{""eventtype"":""focus"",""value"":""off"",""timestamp"":1534870757211,""interval"":34958},{""eventtype"":""focus"",""value"":""on"",""timestamp"":1534870759020,""interval"":1809},{""eventtype"":""window_resize"",""value"":[1280,933],""timestamp"":1534870761404,""interval"":2384}],""useragent"":"""",""status"":""user data saved""}"
AV182SXSO370E:3Z2R0DQ0JIOER9NYMUHBEP1NCMLE24,3Z2R0DQ0JIOER9NYMUHBEP1NCMLE24,AV182SXSO370E,32FESTC2NH05R3ESJLGK600OIJHCU5,174.53.93.189,chrome,windows,UNKNOWN,0,0,1.0,2018-08-21 16:58:49.703091,,,0.0,1,,
A2C2QEHTYDJJ3Y:3PDJHANYK6QETKX1ZX1KP5FCK7FH64,3PDJHANYK6QETKX1ZX1KP5FCK7FH64,A2C2QEHTYDJJ3Y,32FESTC2NH05R3ESJLGK600OIJHCU5,24.23.179.229,chrome,macos,UNKNOWN,0,0,1.0,2018-08-21 16:59:47.031629,2018-08-21 17:00:07.599839,2018-08-21 17:00:50.525283,0.0,5,,"{""condition"":0,""counterbalance"":0,""assignmentId"":""3PDJHANYK6QETKX1ZX1KP5FCK7FH64"",""workerId"":""A2C2QEHTYDJJ3Y"",""hitId"":""32FESTC2NH05R3ESJLGK600OIJHCU5"",""currenttrial"":15,""bonus"":0,""data"":[{""uniqueid"":""A2C2QEHTYDJJ3Y:3PDJHANYK6QETKX1ZX1KP5FCK7FH64"",""current_trial"":0,""dateTime"":1534870788489,""trialdata"":{""phase"":""INSTRUCTIONS"",""templates"":[""instructions/instruct-1.html"",""instructions/instruct-ready.html""],""action"":""Begin""}},{""uniqueid"":""A2C2QEHTYDJJ3Y:3PDJHANYK6QETKX1ZX1KP5FCK7FH64"",""current_trial"":1,""dateTime"":1534870804330,""trialdata"":{""phase"":""INSTRUCTIONS"",""template"":""instructions/instruct-1.html"",""indexOf"":0,""action"":""NextPage"",""viewTime"":15833}},{""uniqueid"":""A2C2QEHTYDJJ3Y:3PDJHANYK6QETKX1ZX1KP5FCK7FH64"",""current_trial"":2,""dateTime"":1534870805721,""trialdata"":{""phase"":""INSTRUCTIONS"",""template"":""instructions/instruct-ready.html"",""indexOf"":1,""action"":""FinishInstructions"",""viewTime"":1385}},{""uniqueid"":""A2C2QEHTYDJJ3Y:3PDJHANYK6QETKX1ZX1KP5FCK7FH64"",""current_trial"":3,""dateTime"":1534870809726,""trialdata"":{""phase"":""TEST"",""imageID"":""static/dataset/gif_4.gif"",""response"":""chair"",""hit"":4,""rt"":3988,""trial"":1}},{""uniqueid"":""A2C2QEHTYDJJ3Y:3PDJHANYK6QETKX1ZX1KP5FCK7FH64"",""current_trial"":4,""dateTime"":1534870813468,""trialdata"":{""phase"":""TEST"",""imageID"":""static/dataset/gif_7.gif"",""response"":""table"",""hit"":7,""rt"":3739,""trial"":2}},{""uniqueid"":""A2C2QEHTYDJJ3Y:3PDJHANYK6QETKX1ZX1KP5FCK7FH64"",""current_trial"":5,""dateTime"":1534870816478,""trialdata"":{""phase"":""TEST"",""imageID"":""static/dataset/gif_8.gif"",""response"":""table"",""hit"":8,""rt"":3009,""trial"":3}},{""uniqueid"":""A2C2QEHTYDJJ3Y:3PDJHANYK6QETKX1ZX1KP5FCK7FH64"",""current_trial"":6,""dateTime"":1534870819653,""trialdata"":{""phase"":""TEST"",""imageID"":""static/dataset/gif_3.gif"",""response"":""chair"",""hit"":3,""rt"":3174,""trial"":4}},{""uniqueid"":""A2C2QEHTYDJJ3Y:3PDJHANYK6QETKX1ZX1KP5FCK7FH64"",""current_trial"":7,""dateTime"":1534870822790,""trialdata"":{""phase"":""TEST"",""imageID"":""static/dataset/gif_2.gif"",""response"":""chair"",""hit"":2,""rt"":3137,""trial"":5}},{""uniqueid"":""A2C2QEHTYDJJ3Y:3PDJHANYK6QETKX1ZX1KP5FCK7FH64"",""current_trial"":8,""dateTime"":1534870825456,""trialdata"":{""phase"":""TEST"",""imageID"":""static/dataset/gif_5.gif"",""response"":""chair"",""hit"":5,""rt"":2665,""trial"":6}},{""uniqueid"":""A2C2QEHTYDJJ3Y:3PDJHANYK6QETKX1ZX1KP5FCK7FH64"",""current_trial"":9,""dateTime"":1534870828352,""trialdata"":{""phase"":""TEST"",""imageID"":""static/dataset/gif_9.gif"",""response"":""table"",""hit"":9,""rt"":2895,""trial"":7}},{""uniqueid"":""A2C2QEHTYDJJ3Y:3PDJHANYK6QETKX1ZX1KP5FCK7FH64"",""current_trial"":10,""dateTime"":1534870831560,""trialdata"":{""phase"":""TEST"",""imageID"":""static/dataset/gif_10.gif"",""response"":""table"",""hit"":10,""rt"":3207,""trial"":8}},{""uniqueid"":""A2C2QEHTYDJJ3Y:3PDJHANYK6QETKX1ZX1KP5FCK7FH64"",""current_trial"":11,""dateTime"":1534870836445,""trialdata"":{""phase"":""TEST"",""imageID"":""static/dataset/gif_6.gif"",""response"":""table"",""hit"":6,""rt"":4884,""trial"":9}},{""uniqueid"":""A2C2QEHTYDJJ3Y:3PDJHANYK6QETKX1ZX1KP5FCK7FH64"",""current_trial"":12,""dateTime"":1534870839618,""trialdata"":{""phase"":""TEST"",""imageID"":""static/dataset/gif_1.gif"",""response"":""chair"",""hit"":1,""rt"":3172,""trial"":10}},{""uniqueid"":""A2C2QEHTYDJJ3Y:3PDJHANYK6QETKX1ZX1KP5FCK7FH64"",""current_trial"":13,""dateTime"":1534870839625,""trialdata"":{""phase"":""postquestionnaire"",""status"":""begin""}},{""uniqueid"":""A2C2QEHTYDJJ3Y:3PDJHANYK6QETKX1ZX1KP5FCK7FH64"",""current_trial"":14,""dateTime"":1534870847988,""trialdata"":{""phase"":""postquestionnaire"",""status"":""submit""}}],""questiondata"":{""mode"":""live"",""condition"":0,""engagement"":""10"",""difficulty"":""1""},""eventdata"":[{""eventtype"":""initialized"",""value"":null,""timestamp"":1534870787256,""interval"":0},{""eventtype"":""window_resize"",""value"":[1670,948],""timestamp"":1534870787256,""interval"":0}],""useragent"":"""",""status"":""user data saved""}"
A3N7POEMLYTTZD:3TPZPLC3M1M79I87Z8BRRB5JW7OP3C,3TPZPLC3M1M79I87Z8BRRB5JW7OP3C,A3N7POEMLYTTZD,32FESTC2NH05R3ESJLGK600OIJHCU5,96.82.141.5,chrome,windows,UNKNOWN,0,0,1.0,2018-08-21 17:01:59.340523,2018-08-21 17:02:39.314372,2018-08-21 17:03:35.464460,0.0,5,,"{""condition"":0,""counterbalance"":0,""assignmentId"":""3TPZPLC3M1M79I87Z8BRRB5JW7OP3C"",""workerId"":""A3N7POEMLYTTZD"",""hitId"":""32FESTC2NH05R3ESJLGK600OIJHCU5"",""currenttrial"":15,""bonus"":0,""data"":[{""uniqueid"":""A3N7POEMLYTTZD:3TPZPLC3M1M79I87Z8BRRB5JW7OP3C"",""current_trial"":0,""dateTime"":1534870938102,""trialdata"":{""phase"":""INSTRUCTIONS"",""templates"":[""instructions/instruct-1.html"",""instructions/instruct-ready.html""],""action"":""Begin""}},{""uniqueid"":""A3N7POEMLYTTZD:3TPZPLC3M1M79I87Z8BRRB5JW7OP3C"",""current_trial"":1,""dateTime"":1534870952576,""trialdata"":{""phase"":""INSTRUCTIONS"",""template"":""instructions/instruct-1.html"",""indexOf"":0,""action"":""NextPage"",""viewTime"":14471}},{""uniqueid"":""A3N7POEMLYTTZD:3TPZPLC3M1M79I87Z8BRRB5JW7OP3C"",""current_trial"":2,""dateTime"":1534870956319,""trialdata"":{""phase"":""INSTRUCTIONS"",""template"":""instructions/instruct-ready.html"",""indexOf"":1,""action"":""FinishInstructions"",""viewTime"":3740}},{""uniqueid"":""A3N7POEMLYTTZD:3TPZPLC3M1M79I87Z8BRRB5JW7OP3C"",""current_trial"":3,""dateTime"":1534870961520,""trialdata"":{""phase"":""TEST"",""imageID"":""static/dataset/gif_8.gif"",""response"":""desk"",""hit"":8,""rt"":5196,""trial"":1}},{""uniqueid"":""A3N7POEMLYTTZD:3TPZPLC3M1M79I87Z8BRRB5JW7OP3C"",""current_trial"":4,""dateTime"":1534870966439,""trialdata"":{""phase"":""TEST"",""imageID"":""static/dataset/gif_3.gif"",""response"":""chair"",""hit"":3,""rt"":4919,""trial"":2}},{""uniqueid"":""A3N7POEMLYTTZD:3TPZPLC3M1M79I87Z8BRRB5JW7OP3C"",""current_trial"":5,""dateTime"":1534870971103,""trialdata"":{""phase"":""TEST"",""imageID"":""static/dataset/gif_5.gif"",""response"":""chair"",""hit"":5,""rt"":4664,""trial"":3}},{""uniqueid"":""A3N7POEMLYTTZD:3TPZPLC3M1M79I87Z8BRRB5JW7OP3C"",""current_trial"":6,""dateTime"":1534870976375,""trialdata"":{""phase"":""TEST"",""imageID"":""static/dataset/gif_9.gif"",""response"":""table"",""hit"":9,""rt"":5272,""trial"":4}},{""uniqueid"":""A3N7POEMLYTTZD:3TPZPLC3M1M79I87Z8BRRB5JW7OP3C"",""current_trial"":7,""dateTime"":1534870980623,""trialdata"":{""phase"":""TEST"",""imageID"":""static/dataset/gif_1.gif"",""response"":""chair"",""hit"":1,""rt"":4248,""trial"":5}},{""uniqueid"":""A3N7POEMLYTTZD:3TPZPLC3M1M79I87Z8BRRB5JW7OP3C"",""current_trial"":8,""dateTime"":1534870984647,""trialdata"":{""phase"":""TEST"",""imageID"":""static/dataset/gif_2.gif"",""response"":""chair"",""hit"":2,""rt"":4024,""trial"":6}},{""uniqueid"":""A3N7POEMLYTTZD:3TPZPLC3M1M79I87Z8BRRB5JW7OP3C"",""current_trial"":9,""dateTime"":1534870988927,""trialdata"":{""phase"":""TEST"",""imageID"":""static/dataset/gif_7.gif"",""response"":""table"",""hit"":7,""rt"":4279,""trial"":7}},{""uniqueid"":""A3N7POEMLYTTZD:3TPZPLC3M1M79I87Z8BRRB5JW7OP3C"",""current_trial"":10,""dateTime"":1534870993039,""trialdata"":{""phase"":""TEST"",""imageID"":""static/dataset/gif_6.gif"",""response"":""table"",""hit"":6,""rt"":4112,""trial"":8}},{""uniqueid"":""A3N7POEMLYTTZD:3TPZPLC3M1M79I87Z8BRRB5JW7OP3C"",""current_trial"":11,""dateTime"":1534870997391,""trialdata"":{""phase"":""TEST"",""imageID"":""static/dataset/gif_10.gif"",""response"":""table"",""hit"":10,""rt"":4351,""trial"":9}},{""uniqueid"":""A3N7POEMLYTTZD:3TPZPLC3M1M79I87Z8BRRB5JW7OP3C"",""current_trial"":12,""dateTime"":1534871001519,""trialdata"":{""phase"":""TEST"",""imageID"":""static/dataset/gif_4.gif"",""response"":""chair"",""hit"":4,""rt"":4126,""trial"":10}},{""uniqueid"":""A3N7POEMLYTTZD:3TPZPLC3M1M79I87Z8BRRB5JW7OP3C"",""current_trial"":13,""dateTime"":1534871001520,""trialdata"":{""phase"":""postquestionnaire"",""status"":""begin""}},{""uniqueid"":""A3N7POEMLYTTZD:3TPZPLC3M1M79I87Z8BRRB5JW7OP3C"",""current_trial"":14,""dateTime"":1534871012262,""trialdata"":{""phase"":""postquestionnaire"",""status"":""submit""}}],""questiondata"":{""mode"":""live"",""condition"":0,""engagement"":""8"",""difficulty"":""1""},""eventdata"":[{""eventtype"":""initialized"",""value"":null,""timestamp"":1534870920319,""interval"":0},{""eventtype"":""window_resize"",""value"":[1523,764],""timestamp"":1534870920320,""interval"":1},{""eventtype"":""focus"",""value"":""on"",""timestamp"":1534870939537,""interval"":19217}],""useragent"":"""",""status"":""user data saved""}"
A3TCG4YXYAYN6N:3TPZPLC3M1M79I87Z8BRRB5JW7RP3F,3TPZPLC3M1M79I87Z8BRRB5JW7RP3F,A3TCG4YXYAYN6N,32FESTC2NH05R3ESJLGK600OIJHCU5,192.154.114.202,firefox,windows,UNKNOWN,0,0,1.0,2018-08-21 17:07:33.409735,2018-08-21 17:07:50.018310,2018-08-21 17:09:19.539546,0.0,5,,"{""condition"":0,""counterbalance"":0,""assignmentId"":""3TPZPLC3M1M79I87Z8BRRB5JW7RP3F"",""workerId"":""A3TCG4YXYAYN6N"",""hitId"":""32FESTC2NH05R3ESJLGK600OIJHCU5"",""currenttrial"":15,""bonus"":0,""data"":[{""uniqueid"":""A3TCG4YXYAYN6N:3TPZPLC3M1M79I87Z8BRRB5JW7RP3F"",""current_trial"":0,""dateTime"":1534871234223,""trialdata"":{""phase"":""INSTRUCTIONS"",""templates"":[""instructions/instruct-1.html"",""instructions/instruct-ready.html""],""action"":""Begin""}},{""uniqueid"":""A3TCG4YXYAYN6N:3TPZPLC3M1M79I87Z8BRRB5JW7RP3F"",""current_trial"":1,""dateTime"":1534871247939,""trialdata"":{""phase"":""INSTRUCTIONS"",""template"":""instructions/instruct-1.html"",""indexOf"":0,""action"":""NextPage"",""viewTime"":13709}},{""uniqueid"":""A3TCG4YXYAYN6N:3TPZPLC3M1M79I87Z8BRRB5JW7RP3F"",""current_trial"":2,""dateTime"":1534871249568,""trialdata"":{""phase"":""INSTRUCTIONS"",""template"":""instructions/instruct-ready.html"",""indexOf"":1,""action"":""FinishInstructions"",""viewTime"":1623}},{""uniqueid"":""A3TCG4YXYAYN6N:3TPZPLC3M1M79I87Z8BRRB5JW7RP3F"",""current_trial"":3,""dateTime"":1534871259736,""trialdata"":{""phase"":""TEST"",""imageID"":""static/dataset/gif_5.gif"",""response"":""chair"",""hit"":5,""rt"":10147,""trial"":1}},{""uniqueid"":""A3TCG4YXYAYN6N:3TPZPLC3M1M79I87Z8BRRB5JW7RP3F"",""current_trial"":4,""dateTime"":1534871272369,""trialdata"":{""phase"":""TEST"",""imageID"":""static/dataset/gif_6.gif"",""response"":""table legs"",""hit"":6,""rt"":12632,""trial"":2}},{""uniqueid"":""A3TCG4YXYAYN6N:3TPZPLC3M1M79I87Z8BRRB5JW7RP3F"",""current_trial"":5,""dateTime"":1534871277931,""trialdata"":{""phase"":""TEST"",""imageID"":""static/dataset/gif_2.gif"",""response"":""chair"",""hit"":2,""rt"":5561,""trial"":3}},{""uniqueid"":""A3TCG4YXYAYN6N:3TPZPLC3M1M79I87Z8BRRB5JW7RP3F"",""current_trial"":6,""dateTime"":1534871286187,""trialdata"":{""phase"":""TEST"",""imageID"":""static/dataset/gif_4.gif"",""response"":""lounge chair"",""hit"":4,""rt"":8255,""trial"":4}},{""uniqueid"":""A3TCG4YXYAYN6N:3TPZPLC3M1M79I87Z8BRRB5JW7RP3F"",""current_trial"":7,""dateTime"":1534871290620,""trialdata"":{""phase"":""TEST"",""imageID"":""static/dataset/gif_8.gif"",""response"":""desk"",""hit"":8,""rt"":4431,""trial"":5}},{""uniqueid"":""A3TCG4YXYAYN6N:3TPZPLC3M1M79I87Z8BRRB5JW7RP3F"",""current_trial"":8,""dateTime"":1534871302793,""trialdata"":{""phase"":""TEST"",""imageID"":""static/dataset/gif_1.gif"",""response"":""camping chair"",""hit"":1,""rt"":12171,""trial"":6}},{""uniqueid"":""A3TCG4YXYAYN6N:3TPZPLC3M1M79I87Z8BRRB5JW7RP3F"",""current_trial"":9,""dateTime"":1534871312656,""trialdata"":{""phase"":""TEST"",""imageID"":""static/dataset/gif_3.gif"",""response"":""office chair"",""hit"":3,""rt"":9862,""trial"":7}},{""uniqueid"":""A3TCG4YXYAYN6N:3TPZPLC3M1M79I87Z8BRRB5JW7RP3F"",""current_trial"":10,""dateTime"":1534871317687,""trialdata"":{""phase"":""TEST"",""imageID"":""static/dataset/gif_10.gif"",""response"":""table"",""hit"":10,""rt"":5031,""trial"":8}},{""uniqueid"":""A3TCG4YXYAYN6N:3TPZPLC3M1M79I87Z8BRRB5JW7RP3F"",""current_trial"":11,""dateTime"":1534871322569,""trialdata"":{""phase"":""TEST"",""imageID"":""static/dataset/gif_9.gif"",""response"":""table"",""hit"":9,""rt"":4880,""trial"":9}},{""uniqueid"":""A3TCG4YXYAYN6N:3TPZPLC3M1M79I87Z8BRRB5JW7RP3F"",""current_trial"":12,""dateTime"":1534871328729,""trialdata"":{""phase"":""TEST"",""imageID"":""static/dataset/gif_7.gif"",""response"":""end table"",""hit"":7,""rt"":6160,""trial"":10}},{""uniqueid"":""A3TCG4YXYAYN6N:3TPZPLC3M1M79I87Z8BRRB5JW7RP3F"",""current_trial"":13,""dateTime"":1534871328731,""trialdata"":{""phase"":""postquestionnaire"",""status"":""begin""}},{""uniqueid"":""A3TCG4YXYAYN6N:3TPZPLC3M1M79I87Z8BRRB5JW7RP3F"",""current_trial"":14,""dateTime"":1534871338956,""trialdata"":{""phase"":""postquestionnaire"",""status"":""submit""}}],""questiondata"":{""mode"":""live"",""condition"":0,""engagement"":""5"",""difficulty"":""5""},""eventdata"":[{""eventtype"":""initialized"",""value"":null,""timestamp"":1534871233801,""interval"":0},{""eventtype"":""window_resize"",""value"":[1348,651],""timestamp"":1534871233801,""interval"":0},{""eventtype"":""focus"",""value"":""on"",""timestamp"":1534871234238,""interval"":437}],""useragent"":"""",""status"":""user data saved""}"
A2JWHS06PQMJ1:3Y9N9SS8LZLYKL5HUZKWRHOUIOT3DK,3Y9N9SS8LZLYKL5HUZKWRHOUIOT3DK,A2JWHS06PQMJ1,32FESTC2NH05R3ESJLGK600OIJHCU5,99.24.155.118,chrome,macos,UNKNOWN,0,0,1.0,2018-08-21 17:28:57.796927,2018-08-21 17:29:18.084124,2018-08-21 17:30:15.193006,0.0,5,,"{""condition"":0,""counterbalance"":0,""assignmentId"":""3Y9N9SS8LZLYKL5HUZKWRHOUIOT3DK"",""workerId"":""A2JWHS06PQMJ1"",""hitId"":""32FESTC2NH05R3ESJLGK600OIJHCU5"",""currenttrial"":15,""bonus"":0,""data"":[{""uniqueid"":""A2JWHS06PQMJ1:3Y9N9SS8LZLYKL5HUZKWRHOUIOT3DK"",""current_trial"":0,""dateTime"":1534872537796,""trialdata"":{""phase"":""INSTRUCTIONS"",""templates"":[""instructions/instruct-1.html"",""instructions/instruct-ready.html""],""action"":""Begin""}},{""uniqueid"":""A2JWHS06PQMJ1:3Y9N9SS8LZLYKL5HUZKWRHOUIOT3DK"",""current_trial"":1,""dateTime"":1534872554690,""trialdata"":{""phase"":""INSTRUCTIONS"",""template"":""instructions/instruct-1.html"",""indexOf"":0,""action"":""NextPage"",""viewTime"":16864}},{""uniqueid"":""A2JWHS06PQMJ1:3Y9N9SS8LZLYKL5HUZKWRHOUIOT3DK"",""current_trial"":2,""dateTime"":1534872556104,""trialdata"":{""phase"":""INSTRUCTIONS"",""template"":""instructions/instruct-ready.html"",""indexOf"":1,""action"":""FinishInstructions"",""viewTime"":1408}},{""uniqueid"":""A2JWHS06PQMJ1:3Y9N9SS8LZLYKL5HUZKWRHOUIOT3DK"",""current_trial"":3,""dateTime"":1534872558991,""trialdata"":{""phase"":""TEST"",""imageID"":""static/dataset/gif_2.gif"",""response"":""chair"",""hit"":2,""rt"":2868,""trial"":1}},{""uniqueid"":""A2JWHS06PQMJ1:3Y9N9SS8LZLYKL5HUZKWRHOUIOT3DK"",""current_trial"":4,""dateTime"":1534872563628,""trialdata"":{""phase"":""TEST"",""imageID"":""static/dataset/gif_9.gif"",""response"":""table"",""hit"":9,""rt"":4632,""trial"":2}},{""uniqueid"":""A2JWHS06PQMJ1:3Y9N9SS8LZLYKL5HUZKWRHOUIOT3DK"",""current_trial"":5,""dateTime"":1534872569451,""trialdata"":{""phase"":""TEST"",""imageID"":""static/dataset/gif_8.gif"",""response"":""table"",""hit"":8,""rt"":5822,""trial"":3}},{""uniqueid"":""A2JWHS06PQMJ1:3Y9N9SS8LZLYKL5HUZKWRHOUIOT3DK"",""current_trial"":6,""dateTime"":1534872572050,""trialdata"":{""phase"":""TEST"",""imageID"":""static/dataset/gif_6.gif"",""response"":""table"",""hit"":6,""rt"":2597,""trial"":4}},{""uniqueid"":""A2JWHS06PQMJ1:3Y9N9SS8LZLYKL5HUZKWRHOUIOT3DK"",""current_trial"":7,""dateTime"":1534872576992,""trialdata"":{""phase"":""TEST"",""imageID"":""static/dataset/gif_7.gif"",""response"":""table"",""hit"":7,""rt"":4940,""trial"":5}},{""uniqueid"":""A2JWHS06PQMJ1:3Y9N9SS8LZLYKL5HUZKWRHOUIOT3DK"",""current_trial"":8,""dateTime"":1534872580354,""trialdata"":{""phase"":""TEST"",""imageID"":""static/dataset/gif_5.gif"",""response"":""chair"",""hit"":5,""rt"":3361,""trial"":6}},{""uniqueid"":""A2JWHS06PQMJ1:3Y9N9SS8LZLYKL5HUZKWRHOUIOT3DK"",""current_trial"":9,""dateTime"":1534872588580,""trialdata"":{""phase"":""TEST"",""imageID"":""static/dataset/gif_10.gif"",""response"":""chair"",""hit"":10,""rt"":8225,""trial"":7}},{""uniqueid"":""A2JWHS06PQMJ1:3Y9N9SS8LZLYKL5HUZKWRHOUIOT3DK"",""current_trial"":10,""dateTime"":1534872594694,""trialdata"":{""phase"":""TEST"",""imageID"":""static/dataset/gif_1.gif"",""response"":""chair"",""hit"":1,""rt"":6113,""trial"":8}},{""uniqueid"":""A2JWHS06PQMJ1:3Y9N9SS8LZLYKL5HUZKWRHOUIOT3DK"",""current_trial"":11,""dateTime"":1534872600733,""trialdata"":{""phase"":""TEST"",""imageID"":""static/dataset/gif_3.gif"",""response"":""chair"",""hit"":3,""rt"":6038,""trial"":9}},{""uniqueid"":""A2JWHS06PQMJ1:3Y9N9SS8LZLYKL5HUZKWRHOUIOT3DK"",""current_trial"":12,""dateTime"":1534872603958,""trialdata"":{""phase"":""TEST"",""imageID"":""static/dataset/gif_4.gif"",""response"":""chair"",""hit"":4,""rt"":3225,""trial"":10}},{""uniqueid"":""A2JWHS06PQMJ1:3Y9N9SS8LZLYKL5HUZKWRHOUIOT3DK"",""current_trial"":13,""dateTime"":1534872603962,""trialdata"":{""phase"":""postquestionnaire"",""status"":""begin""}},{""uniqueid"":""A2JWHS06PQMJ1:3Y9N9SS8LZLYKL5HUZKWRHOUIOT3DK"",""current_trial"":14,""dateTime"":1534872613015,""trialdata"":{""phase"":""postquestionnaire"",""status"":""submit""}}],""questiondata"":{""mode"":""live"",""condition"":0,""engagement"":""9"",""difficulty"":""2""},""eventdata"":[{""eventtype"":""initialized"",""value"":null,""timestamp"":1534872536996,""interval"":0},{""eventtype"":""window_resize"",""value"":[1536,752],""timestamp"":1534872536996,""interval"":0},{""eventtype"":""window_resize"",""value"":[1536,759],""timestamp"":1534872547461,""interval"":10465},{""eventtype"":""focus"",""value"":""off"",""timestamp"":1534872560173,""interval"":12712},{""eventtype"":""focus"",""value"":""on"",""timestamp"":1534872562364,""interval"":2191},{""eventtype"":""focus"",""value"":""on"",""timestamp"":1534872562364,""interval"":0},{""eventtype"":""focus"",""value"":""off"",""timestamp"":1534872566488,""interval"":4124},{""eventtype"":""focus"",""value"":""on"",""timestamp"":1534872568270,""interval"":1782},{""eventtype"":""focus"",""value"":""on"",""timestamp"":1534872568272,""interval"":2},{""eventtype"":""focus"",""value"":""off"",""timestamp"":1534872573863,""interval"":5591},{""eventtype"":""focus"",""value"":""on"",""timestamp"":1534872574380,""interval"":517},{""eventtype"":""focus"",""value"":""off"",""timestamp"":1534872578108,""interval"":3728},{""eventtype"":""focus"",""value"":""on"",""timestamp"":1534872578905,""interval"":797},{""eventtype"":""focus"",""value"":""off"",""timestamp"":1534872581540,""interval"":2635},{""eventtype"":""focus"",""value"":""on"",""timestamp"":1534872584145,""interval"":2605},{""eventtype"":""focus"",""value"":""on"",""timestamp"":1534872584145,""interval"":0}],""useragent"":"""",""status"":""user data saved""}"
APUPF3D94XYUQ:3WAKVUDHUXQ226HQI6DBEY4Y9R1U7J,3WAKVUDHUXQ226HQI6DBEY4Y9R1U7J,APUPF3D94XYUQ,32FESTC2NH05R3ESJLGK600OIJHCU5,98.182.33.225,chrome,windows,UNKNOWN,0,0,1.0,2018-08-21 19:13:33.729090,2018-08-21 19:14:19.357181,2018-08-21 19:15:34.406673,0.0,5,,"{""condition"":0,""counterbalance"":0,""assignmentId"":""3WAKVUDHUXQ226HQI6DBEY4Y9R1U7J"",""workerId"":""APUPF3D94XYUQ"",""hitId"":""32FESTC2NH05R3ESJLGK600OIJHCU5"",""currenttrial"":15,""bonus"":0,""data"":[{""uniqueid"":""APUPF3D94XYUQ:3WAKVUDHUXQ226HQI6DBEY4Y9R1U7J"",""current_trial"":0,""dateTime"":1534878817040,""trialdata"":{""phase"":""INSTRUCTIONS"",""templates"":[""instructions/instruct-1.html"",""instructions/instruct-ready.html""],""action"":""Begin""}},{""uniqueid"":""APUPF3D94XYUQ:3WAKVUDHUXQ226HQI6DBEY4Y9R1U7J"",""current_trial"":1,""dateTime"":1534878858940,""trialdata"":{""phase"":""INSTRUCTIONS"",""template"":""instructions/instruct-1.html"",""indexOf"":0,""action"":""NextPage"",""viewTime"":41866}},{""uniqueid"":""APUPF3D94XYUQ:3WAKVUDHUXQ226HQI6DBEY4Y9R1U7J"",""current_trial"":2,""dateTime"":1534878860993,""trialdata"":{""phase"":""INSTRUCTIONS"",""template"":""instructions/instruct-ready.html"",""indexOf"":1,""action"":""FinishInstructions"",""viewTime"":2044}},{""uniqueid"":""APUPF3D94XYUQ:3WAKVUDHUXQ226HQI6DBEY4Y9R1U7J"",""current_trial"":3,""dateTime"":1534878868933,""trialdata"":{""phase"":""TEST"",""imageID"":""static/dataset/gif_2.gif"",""response"":""chair"",""hit"":2,""rt"":7923,""trial"":1}},{""uniqueid"":""APUPF3D94XYUQ:3WAKVUDHUXQ226HQI6DBEY4Y9R1U7J"",""current_trial"":4,""dateTime"":1534878873570,""trialdata"":{""phase"":""TEST"",""imageID"":""static/dataset/gif_5.gif"",""response"":""chair"",""hit"":5,""rt"":4637,""trial"":2}},{""uniqueid"":""APUPF3D94XYUQ:3WAKVUDHUXQ226HQI6DBEY4Y9R1U7J"",""current_trial"":5,""dateTime"":1534878878003,""trialdata"":{""phase"":""TEST"",""imageID"":""static/dataset/gif_3.gif"",""response"":""chair"",""hit"":3,""rt"":4433,""trial"":3}},{""uniqueid"":""APUPF3D94XYUQ:3WAKVUDHUXQ226HQI6DBEY4Y9R1U7J"",""current_trial"":6,""dateTime"":1534878883341,""trialdata"":{""phase"":""TEST"",""imageID"":""static/dataset/gif_1.gif"",""response"":""chair"",""hit"":1,""rt"":5334,""trial"":4}},{""uniqueid"":""APUPF3D94XYUQ:3WAKVUDHUXQ226HQI6DBEY4Y9R1U7J"",""current_trial"":7,""dateTime"":1534878890544,""trialdata"":{""phase"":""TEST"",""imageID"":""static/dataset/gif_4.gif"",""response"":""chair"",""hit"":4,""rt"":7203,""trial"":5}},{""uniqueid"":""APUPF3D94XYUQ:3WAKVUDHUXQ226HQI6DBEY4Y9R1U7J"",""current_trial"":8,""dateTime"":1534878905975,""trialdata"":{""phase"":""TEST"",""imageID"":""static/dataset/gif_8.gif"",""response"":""chair"",""hit"":8,""rt"":15431,""trial"":6}},{""uniqueid"":""APUPF3D94XYUQ:3WAKVUDHUXQ226HQI6DBEY4Y9R1U7J"",""current_trial"":9,""dateTime"":1534878909909,""trialdata"":{""phase"":""TEST"",""imageID"":""static/dataset/gif_9.gif"",""response"":""table"",""hit"":9,""rt"":3934,""trial"":7}},{""uniqueid"":""APUPF3D94XYUQ:3WAKVUDHUXQ226HQI6DBEY4Y9R1U7J"",""current_trial"":10,""dateTime"":1534878913900,""trialdata"":{""phase"":""TEST"",""imageID"":""static/dataset/gif_7.gif"",""response"":""table"",""hit"":7,""rt"":3991,""trial"":8}},{""uniqueid"":""APUPF3D94XYUQ:3WAKVUDHUXQ226HQI6DBEY4Y9R1U7J"",""current_trial"":11,""dateTime"":1534878924584,""trialdata"":{""phase"":""TEST"",""imageID"":""static/dataset/gif_10.gif"",""response"":""table"",""hit"":10,""rt"":10684,""trial"":9}},{""uniqueid"":""APUPF3D94XYUQ:3WAKVUDHUXQ226HQI6DBEY4Y9R1U7J"",""current_trial"":12,""dateTime"":1534878928635,""trialdata"":{""phase"":""TEST"",""imageID"":""static/dataset/gif_6.gif"",""response"":""table"",""hit"":6,""rt"":4051,""trial"":10}},{""uniqueid"":""APUPF3D94XYUQ:3WAKVUDHUXQ226HQI6DBEY4Y9R1U7J"",""current_trial"":13,""dateTime"":1534878928635,""trialdata"":{""phase"":""postquestionnaire"",""status"":""begin""}},{""uniqueid"":""APUPF3D94XYUQ:3WAKVUDHUXQ226HQI6DBEY4Y9R1U7J"",""current_trial"":14,""dateTime"":1534878935897,""trialdata"":{""phase"":""postquestionnaire"",""status"":""submit""}}],""questiondata"":{""mode"":""live"",""condition"":0,""engagement"":""7"",""difficulty"":""2""},""eventdata"":[{""eventtype"":""initialized"",""value"":null,""timestamp"":1534878816336,""interval"":0},{""eventtype"":""window_resize"",""value"":[1366,721],""timestamp"":1534878816336,""interval"":0},{""eventtype"":""window_resize"",""value"":[1366,677],""timestamp"":1534878838894,""interval"":22558},{""eventtype"":""window_resize"",""value"":[1366,721],""timestamp"":1534878839906,""interval"":1012},{""eventtype"":""window_resize"",""value"":[1174,721],""timestamp"":1534878844118,""interval"":4212},{""eventtype"":""window_resize"",""value"":[1366,677],""timestamp"":1534878846325,""interval"":2207},{""eventtype"":""window_resize"",""value"":[1174,721],""timestamp"":1534878847937,""interval"":1612},{""eventtype"":""window_resize"",""value"":[1366,677],""timestamp"":1534878854585,""interval"":6648},{""eventtype"":""focus"",""value"":""off"",""timestamp"":1534878894117,""interval"":39532},{""eventtype"":""focus"",""value"":""on"",""timestamp"":1534878901927,""interval"":7810}],""useragent"":"""",""status"":""user data saved""}"
AKB82TCYUECWD:32KTQ2V7REPN3H0AO1K91KEARV4M9D,32KTQ2V7REPN3H0AO1K91KEARV4M9D,AKB82TCYUECWD,32FESTC2NH05R3ESJLGK600OIJHCU5,192.230.35.69,chrome,windows,UNKNOWN,0,0,1.0,2018-08-21 20:04:45.730402,,,0.0,1,,
debugLKN90X:debug8ZPILQ,debug8ZPILQ,debugLKN90X,debugYQFSYC,127.0.0.1,chrome,linux,UNKNOWN,0,0,1.0,2019-01-05 15:18:52.944073,2019-01-05 15:18:59.846924,,0.0,2,debug,"{""condition"":0,""counterbalance"":0,""assignmentId"":""debug8ZPILQ"",""workerId"":""debugLKN90X"",""hitId"":""debugYQFSYC"",""currenttrial"":3,""bonus"":0,""data"":[{""uniqueid"":""debugLKN90X:debug8ZPILQ"",""current_trial"":0,""dateTime"":1546672733364,""trialdata"":{""phase"":""INSTRUCTIONS"",""templates"":[""instructions/instruct-1.html"",""instructions/instruct-ready.html""],""action"":""Begin""}},{""uniqueid"":""debugLKN90X:debug8ZPILQ"",""current_trial"":1,""dateTime"":1546672737932,""trialdata"":{""phase"":""INSTRUCTIONS"",""template"":""instructions/instruct-1.html"",""indexOf"":0,""action"":""NextPage"",""viewTime"":4564}},{""uniqueid"":""debugLKN90X:debug8ZPILQ"",""current_trial"":2,""dateTime"":1546672739837,""trialdata"":{""phase"":""INSTRUCTIONS"",""template"":""instructions/instruct-ready.html"",""indexOf"":1,""action"":""FinishInstructions"",""viewTime"":1901}}],""questiondata"":{},""eventdata"":[{""eventtype"":""initialized"",""value"":null,""timestamp"":1546672733229,""interval"":0},{""eventtype"":""window_resize"",""value"":[1855,1028],""timestamp"":1546672733229,""interval"":0}],""useragent"":""Mozilla/5.0 (X11; Linux x86_64) AppleWebKit/537.36 (KHTML, like Gecko) Chrome/65.0.3325.181 Safari/537.36"",""mode"":""debug""}"
debugUHJVJR:debugJE3PYM,debugJE3PYM,debugUHJVJR,debug3C1IL9,127.0.0.1,chrome,linux,UNKNOWN,0,0,1.0,2019-07-05 17:33:25.126567,2019-07-05 17:33:52.703399,2019-07-05 17:34:11.362728,0.0,3,debug,"{""condition"":0,""counterbalance"":0,""assignmentId"":""debugJE3PYM"",""workerId"":""debugUHJVJR"",""hitId"":""debug3C1IL9"",""currenttrial"":18,""bonus"":0,""data"":[{""current_trial"":0,""dateTime"":1562362405751,""trialdata"":{""action"":""Begin"",""phase"":""INSTRUCTIONS"",""templates"":[""instructions/instruct-1.html"",""instructions/instruct-ready.html""]},""uniqueid"":""debugUHJVJR:debugJE3PYM""},{""current_trial"":1,""dateTime"":1562362410260,""trialdata"":{""action"":""NextPage"",""indexOf"":0,""phase"":""INSTRUCTIONS"",""template"":""instructions/instruct-1.html"",""viewTime"":4507},""uniqueid"":""debugUHJVJR:debugJE3PYM""},{""current_trial"":2,""dateTime"":1562362412755,""trialdata"":{""action"":""FinishInstructions"",""indexOf"":1,""phase"":""INSTRUCTIONS"",""template"":""instructions/instruct-ready.html"",""viewTime"":2494},""uniqueid"":""debugUHJVJR:debugJE3PYM""},{""uniqueid"":""debugUHJVJR:debugJE3PYM"",""current_trial"":3,""dateTime"":1562362428820,""trialdata"":{""phase"":""INSTRUCTIONS"",""templates"":[""instructions/instruct-1.html"",""instructions/instruct-ready.html""],""action"":""Begin""}},{""uniqueid"":""debugUHJVJR:debugJE3PYM"",""current_trial"":4,""dateTime"":1562362431292,""trialdata"":{""phase"":""INSTRUCTIONS"",""template"":""instructions/instruct-1.html"",""indexOf"":0,""action"":""NextPage"",""viewTime"":2470}},{""uniqueid"":""debugUHJVJR:debugJE3PYM"",""current_trial"":5,""dateTime"":1562362432699,""trialdata"":{""phase"":""INSTRUCTIONS"",""template"":""instructions/instruct-ready.html"",""indexOf"":1,""action"":""FinishInstructions"",""viewTime"":1406}},{""uniqueid"":""debugUHJVJR:debugJE3PYM"",""current_trial"":6,""dateTime"":1562362434427,""trialdata"":{""phase"":""TEST"",""imageID"":""static/dataset/gif_2.gif"",""response"":""c"",""hit"":2,""rt"":1725,""trial"":1}},{""uniqueid"":""debugUHJVJR:debugJE3PYM"",""current_trial"":7,""dateTime"":1562362436026,""trialdata"":{""phase"":""TEST"",""imageID"":""static/dataset/gif_4.gif"",""response"":""c"",""hit"":4,""rt"":1599,""trial"":2}},{""uniqueid"":""debugUHJVJR:debugJE3PYM"",""current_trial"":8,""dateTime"":1562362437186,""trialdata"":{""phase"":""TEST"",""imageID"":""static/dataset/gif_9.gif"",""response"":""c"",""hit"":9,""rt"":1160,""trial"":3}},{""uniqueid"":""debugUHJVJR:debugJE3PYM"",""current_trial"":9,""dateTime"":1562362438499,""trialdata"":{""phase"":""TEST"",""imageID"":""static/dataset/gif_8.gif"",""response"":""c"",""hit"":8,""rt"":1313,""trial"":4}},{""uniqueid"":""debugUHJVJR:debugJE3PYM"",""current_trial"":10,""dateTime"":1562362439770,""trialdata"":{""phase"":""TEST"",""imageID"":""static/dataset/gif_7.gif"",""response"":""c"",""hit"":7,""rt"":1271,""trial"":5}},{""uniqueid"":""debugUHJVJR:debugJE3PYM"",""current_trial"":11,""dateTime"":1562362441155,""trialdata"":{""phase"":""TEST"",""imageID"":""static/dataset/gif_5.gif"",""response"":""c"",""hit"":5,""rt"":1384,""trial"":6}},{""uniqueid"":""debugUHJVJR:debugJE3PYM"",""current_trial"":12,""dateTime"":1562362442451,""trialdata"":{""phase"":""TEST"",""imageID"":""static/dataset/gif_10.gif"",""response"":""c"",""hit"":10,""rt"":1296,""trial"":7}},{""uniqueid"":""debugUHJVJR:debugJE3PYM"",""current_trial"":13,""dateTime"":1562362443787,""trialdata"":{""phase"":""TEST"",""imageID"":""static/dataset/gif_1.gif"",""response"":""c"",""hit"":1,""rt"":1336,""trial"":8}},{""uniqueid"":""debugUHJVJR:debugJE3PYM"",""current_trial"":14,""dateTime"":1562362444995,""trialdata"":{""phase"":""TEST"",""imageID"":""static/dataset/gif_6.gif"",""response"":""c"",""hit"":6,""rt"":1207,""trial"":9}},{""uniqueid"":""debugUHJVJR:debugJE3PYM"",""current_trial"":15,""dateTime"":1562362446355,""trialdata"":{""phase"":""TEST"",""imageID"":""static/dataset/gif_3.gif"",""response"":""c"",""hit"":3,""rt"":1360,""trial"":10}},{""uniqueid"":""debugUHJVJR:debugJE3PYM"",""current_trial"":16,""dateTime"":1562362446355,""trialdata"":{""phase"":""postquestionnaire"",""status"":""begin""}},{""uniqueid"":""debugUHJVJR:debugJE3PYM"",""current_trial"":17,""dateTime"":1562362451099,""trialdata"":{""phase"":""postquestionnaire"",""status"":""submit""}}],""questiondata"":{""mode"":""debug"",""condition"":0,""engagement"":""3"",""difficulty"":""7""},""eventdata"":[{""eventtype"":""initialized"",""interval"":0,""timestamp"":1562362405706,""value"":null},{""eventtype"":""window_resize"",""interval"":0,""timestamp"":1562362405706,""value"":[1853,1117]}],""useragent"":""Mozilla/5.0 (X11; Linux x86_64) AppleWebKit/537.36 (KHTML, like Gecko) Chrome/75.0.3770.100 Safari/537.36"",""mode"":""debug"",""status"":""user data saved""}"
debugYEWOEK:debug9BOJVC,debug9BOJVC,debugYEWOEK,debugAVKW73,127.0.0.1,chrome,linux,UNKNOWN,0,0,1.0,2019-09-29 11:20:31.805572,,,0.0,1,debug,
debugFWHHBU:debugD4E8IX,debugD4E8IX,debugFWHHBU,debugHL50SW,127.0.0.1,chrome,linux,UNKNOWN,0,0,1.0,2019-09-29 11:24:10.423505,2019-09-29 11:24:37.280166,,0.0,2,debug,"{""condition"":0,""counterbalance"":0,""assignmentId"":""debugD4E8IX"",""workerId"":""debugFWHHBU"",""hitId"":""debugHL50SW"",""currenttrial"":3,""bonus"":0,""data"":[{""uniqueid"":""debugFWHHBU:debugD4E8IX"",""current_trial"":0,""dateTime"":1569770651279,""trialdata"":{""phase"":""INSTRUCTIONS"",""templates"":[""instructions/instruct-1.html"",""instructions/instruct-ready.html""],""action"":""Begin""}},{""uniqueid"":""debugFWHHBU:debugD4E8IX"",""current_trial"":1,""dateTime"":1569770675960,""trialdata"":{""phase"":""INSTRUCTIONS"",""template"":""instructions/instruct-1.html"",""indexOf"":0,""action"":""NextPage"",""viewTime"":24679}},{""uniqueid"":""debugFWHHBU:debugD4E8IX"",""current_trial"":2,""dateTime"":1569770677265,""trialdata"":{""phase"":""INSTRUCTIONS"",""template"":""instructions/instruct-ready.html"",""indexOf"":1,""action"":""FinishInstructions"",""viewTime"":1301}}],""questiondata"":{},""eventdata"":[{""eventtype"":""initialized"",""value"":null,""timestamp"":1569770651246,""interval"":0},{""eventtype"":""window_resize"",""value"":[1685,1015],""timestamp"":1569770651246,""interval"":0}],""useragent"":""Mozilla/5.0 (X11; Linux x86_64) AppleWebKit/537.36 (KHTML, like Gecko) Chrome/75.0.3770.100 Safari/537.36"",""mode"":""debug""}"
debug87IGVU:debugQY0E41,debugQY0E41,debug87IGVU,debug8AGBAE,127.0.0.1,chrome,linux,UNKNOWN,0,0,1.0,2019-09-29 11:29:43.424454,2019-09-29 11:34:29.993310,,0.0,2,debug,"{""condition"":0,""counterbalance"":0,""assignmentId"":""debugQY0E41"",""workerId"":""debug87IGVU"",""hitId"":""debug8AGBAE"",""currenttrial"":6,""bonus"":0,""data"":[{""current_trial"":0,""dateTime"":1569771184156,""trialdata"":{""action"":""Begin"",""phase"":""INSTRUCTIONS"",""templates"":[""instructions/instruct-1.html"",""instructions/instruct-ready.html""]},""uniqueid"":""debug87IGVU:debugQY0E41""},{""current_trial"":1,""dateTime"":1569771193585,""trialdata"":{""action"":""NextPage"",""indexOf"":0,""phase"":""INSTRUCTIONS"",""template"":""instructions/instruct-1.html"",""viewTime"":9427},""uniqueid"":""debug87IGVU:debugQY0E41""},{""current_trial"":2,""dateTime"":1569771196490,""trialdata"":{""action"":""FinishInstructions"",""indexOf"":1,""phase"":""INSTRUCTIONS"",""template"":""instructions/instruct-ready.html"",""viewTime"":2901},""uniqueid"":""debug87IGVU:debugQY0E41""},{""uniqueid"":""debug87IGVU:debugQY0E41"",""current_trial"":3,""dateTime"":1569771247740,""trialdata"":{""phase"":""INSTRUCTIONS"",""templates"":[""instructions/instruct-1.html"",""instructions/instruct-ready.html""],""action"":""Begin""}},{""uniqueid"":""debug87IGVU:debugQY0E41"",""current_trial"":4,""dateTime"":1569771266193,""trialdata"":{""phase"":""INSTRUCTIONS"",""template"":""instructions/instruct-1.html"",""indexOf"":0,""action"":""NextPage"",""viewTime"":18451}},{""uniqueid"":""debug87IGVU:debugQY0E41"",""current_trial"":5,""dateTime"":1569771269987,""trialdata"":{""phase"":""INSTRUCTIONS"",""template"":""instructions/instruct-ready.html"",""indexOf"":1,""action"":""FinishInstructions"",""viewTime"":3789}}],""questiondata"":{},""eventdata"":[{""eventtype"":""initialized"",""interval"":0,""timestamp"":1569771184122,""value"":null},{""eventtype"":""window_resize"",""interval"":0,""timestamp"":1569771184122,""value"":[1685,1015]}],""useragent"":""Mozilla/5.0 (X11; Linux x86_64) AppleWebKit/537.36 (KHTML, like Gecko) Chrome/75.0.3770.100 Safari/537.36"",""mode"":""debug""}"
debugCKON1Y:debugYH111J,debugYH111J,debugCKON1Y,debug5O8T9V,127.0.0.1,chrome,linux,UNKNOWN,0,0,1.0,2020-09-28 18:15:05.406615,2020-09-28 18:15:20.855924,,0.0,2,debug,"{""condition"":0,""counterbalance"":0,""assignmentId"":""debugYH111J"",""workerId"":""debugCKON1Y"",""hitId"":""debug5O8T9V"",""currenttrial"":3,""bonus"":0,""data"":[{""uniqueid"":""debugCKON1Y:debugYH111J"",""current_trial"":0,""dateTime"":1601331305580,""trialdata"":{""phase"":""INSTRUCTIONS"",""templates"":[""instructions/instruct-1.html"",""instructions/instruct-ready.html""],""action"":""Begin""}},{""uniqueid"":""debugCKON1Y:debugYH111J"",""current_trial"":1,""dateTime"":1601331318423,""trialdata"":{""phase"":""INSTRUCTIONS"",""template"":""instructions/instruct-1.html"",""indexOf"":0,""action"":""NextPage"",""viewTime"":12840}},{""uniqueid"":""debugCKON1Y:debugYH111J"",""current_trial"":2,""dateTime"":1601331320849,""trialdata"":{""phase"":""INSTRUCTIONS"",""template"":""instructions/instruct-ready.html"",""indexOf"":1,""action"":""FinishInstructions"",""viewTime"":2422}}],""questiondata"":{},""eventdata"":[{""eventtype"":""initialized"",""value"":null,""timestamp"":1601331305541,""interval"":0},{""eventtype"":""window_resize"",""value"":[2779,1494],""timestamp"":1601331305541,""interval"":0}],""useragent"":""Mozilla/5.0 (X11; Linux x86_64) AppleWebKit/537.36 (KHTML, like Gecko) Chrome/81.0.4044.138 Safari/537.36"",""mode"":""debug""}"
