debug8TWO1D:debugLHJ5LZ,0,1534868011977,"{""phase"": ""INSTRUCTIONS"", ""templates"": [""instructions/instruct-1.html"", ""instructions/instruct-ready.html""], ""action"": ""Begin""}"
debug8TWO1D:debugLHJ5LZ,1,1534868013976,"{""phase"": ""INSTRUCTIONS"", ""indexOf"": 0, ""viewTime"": 1996, ""action"": ""NextPage"", ""template"": ""instructions/instruct-1.html""}"
debug8TWO1D:debugLHJ5LZ,2,1534868015098,"{""phase"": ""INSTRUCTIONS"", ""indexOf"": 1, ""viewTime"": 1119, ""action"": ""FinishInstructions"", ""template"": ""instructions/instruct-ready.html""}"
debug8TWO1D:debugLHJ5LZ,3,1534868017457,"{""rt"": 2347, ""hit"": 1, ""imageID"": ""static/dataset/gif_1.gif"", ""trial"": 1, ""phase"": ""TEST"", ""response"": ""a""}"
debug8TWO1D:debugLHJ5LZ,4,1534868019536,"{""rt"": 2079, ""hit"": 10, ""imageID"": ""static/dataset/gif_10.gif"", ""trial"": 2, ""phase"": ""TEST"", ""response"": ""a""}"
debug8TWO1D:debugLHJ5LZ,5,1534868021033,"{""rt"": 1496, ""hit"": 2, ""imageID"": ""static/dataset/gif_2.gif"", ""trial"": 3, ""phase"": ""TEST"", ""response"": ""b""}"
debug8TWO1D:debugLHJ5LZ,6,1534868022720,"{""rt"": 1687, ""hit"": 7, ""imageID"": ""static/dataset/gif_7.gif"", ""trial"": 4, ""phase"": ""TEST"", ""response"": ""b""}"
debug8TWO1D:debugLHJ5LZ,7,1534868024401,"{""rt"": 1680, ""hit"": 9, ""imageID"": ""static/dataset/gif_9.gif"", ""trial"": 5, ""phase"": ""TEST"", ""response"": ""c""}"
debug8TWO1D:debugLHJ5LZ,8,1534868026073,"{""rt"": 1672, ""hit"": 4, ""imageID"": ""static/dataset/gif_4.gif"", ""trial"": 6, ""phase"": ""TEST"", ""response"": ""c""}"
debug8TWO1D:debugLHJ5LZ,9,1534868027824,"{""rt"": 1751, ""hit"": 3, ""imageID"": ""static/dataset/gif_3.gif"", ""trial"": 7, ""phase"": ""TEST"", ""response"": ""d""}"
debug8TWO1D:debugLHJ5LZ,10,1534868029416,"{""rt"": 1591, ""hit"": 6, ""imageID"": ""static/dataset/gif_6.gif"", ""trial"": 8, ""phase"": ""TEST"", ""response"": ""d""}"
debug8TWO1D:debugLHJ5LZ,11,1534868031848,"{""rt"": 2431, ""hit"": 8, ""imageID"": ""static/dataset/gif_8.gif"", ""trial"": 9, ""phase"": ""TEST"", ""response"": ""e""}"
debug8TWO1D:debugLHJ5LZ,12,1534868033529,"{""rt"": 1680, ""hit"": 5, ""imageID"": ""static/dataset/gif_5.gif"", ""trial"": 10, ""phase"": ""TEST"", ""response"": ""e""}"
debug8TWO1D:debugLHJ5LZ,13,1534868033531,"{""phase"": ""postquestionnaire"", ""status"": ""begin""}"
debug8TWO1D:debugLHJ5LZ,14,1534868039570,"{""phase"": ""postquestionnaire"", ""status"": ""submit""}"
A1KV2VPZ1TE6AJ:3UXUOQ9OKF7INX3SC1WZMMN60N37AP,0,1534868618054,"{""phase"": ""INSTRUCTIONS"", ""templates"": [""instructions/instruct-1.html"", ""instructions/instruct-ready.html""], ""action"": ""Begin""}"
A1KV2VPZ1TE6AJ:3UXUOQ9OKF7INX3SC1WZMMN60N37AP,1,1534868620259,"{""phase"": ""INSTRUCTIONS"", ""indexOf"": 0, ""viewTime"": 2198, ""action"": ""NextPage"", ""template"": ""instructions/instruct-1.html""}"
A1KV2VPZ1TE6AJ:3UXUOQ9OKF7INX3SC1WZMMN60N37AP,2,1534868622554,"{""phase"": ""INSTRUCTIONS"", ""indexOf"": 1, ""viewTime"": 2291, ""action"": ""FinishInstructions"", ""template"": ""instructions/instruct-ready.html""}"
A1KV2VPZ1TE6AJ:3UXUOQ9OKF7INX3SC1WZMMN60N37AP,3,1534868627057,"{""rt"": 4497, ""hit"": 6, ""imageID"": ""static/dataset/gif_6.gif"", ""trial"": 1, ""phase"": ""TEST"", ""response"": ""table1""}"
A1KV2VPZ1TE6AJ:3UXUOQ9OKF7INX3SC1WZMMN60N37AP,4,1534868630953,"{""rt"": 3895, ""hit"": 7, ""imageID"": ""static/dataset/gif_7.gif"", ""trial"": 2, ""phase"": ""TEST"", ""response"": ""table2""}"
A1KV2VPZ1TE6AJ:3UXUOQ9OKF7INX3SC1WZMMN60N37AP,5,1534868634424,"{""rt"": 3470, ""hit"": 8, ""imageID"": ""static/dataset/gif_8.gif"", ""trial"": 3, ""phase"": ""TEST"", ""response"": ""table3""}"
A1KV2VPZ1TE6AJ:3UXUOQ9OKF7INX3SC1WZMMN60N37AP,6,1534868638369,"{""rt"": 3944, ""hit"": 10, ""imageID"": ""static/dataset/gif_10.gif"", ""trial"": 4, ""phase"": ""TEST"", ""response"": ""table4""}"
A1KV2VPZ1TE6AJ:3UXUOQ9OKF7INX3SC1WZMMN60N37AP,7,1534868641697,"{""rt"": 3327, ""hit"": 4, ""imageID"": ""static/dataset/gif_4.gif"", ""trial"": 5, ""phase"": ""TEST"", ""response"": ""chair1""}"
A1KV2VPZ1TE6AJ:3UXUOQ9OKF7INX3SC1WZMMN60N37AP,8,1534868647257,"{""rt"": 5560, ""hit"": 2, ""imageID"": ""static/dataset/gif_2.gif"", ""trial"": 6, ""phase"": ""TEST"", ""response"": ""chair2""}"
A1KV2VPZ1TE6AJ:3UXUOQ9OKF7INX3SC1WZMMN60N37AP,9,1534868650977,"{""rt"": 3720, ""hit"": 3, ""imageID"": ""static/dataset/gif_3.gif"", ""trial"": 7, ""phase"": ""TEST"", ""response"": ""chair3""}"
A1KV2VPZ1TE6AJ:3UXUOQ9OKF7INX3SC1WZMMN60N37AP,10,1534868654705,"{""rt"": 3728, ""hit"": 5, ""imageID"": ""static/dataset/gif_5.gif"", ""trial"": 8, ""phase"": ""TEST"", ""response"": ""chair4""}"
A1KV2VPZ1TE6AJ:3UXUOQ9OKF7INX3SC1WZMMN60N37AP,11,1534868658600,"{""rt"": 3895, ""hit"": 1, ""imageID"": ""static/dataset/gif_1.gif"", ""trial"": 9, ""phase"": ""TEST"", ""response"": ""chair5""}"
A1KV2VPZ1TE6AJ:3UXUOQ9OKF7INX3SC1WZMMN60N37AP,12,1534868664177,"{""rt"": 5576, ""hit"": 9, ""imageID"": ""static/dataset/gif_9.gif"", ""trial"": 10, ""phase"": ""TEST"", ""response"": ""table5""}"
A1KV2VPZ1TE6AJ:3UXUOQ9OKF7INX3SC1WZMMN60N37AP,13,1534868664179,"{""phase"": ""postquestionnaire"", ""status"": ""begin""}"
A1KV2VPZ1TE6AJ:3UXUOQ9OKF7INX3SC1WZMMN60N37AP,14,1534868669954,"{""phase"": ""postquestionnaire"", ""status"": ""submit""}"
A21389CE81CPZ0:386CSBG1O0WR6DW4INOEYJ7DBUAQ68,0,1534870466819,"{""phase"": ""INSTRUCTIONS"", ""templates"": [""instructions/instruct-1.html"", ""instructions/instruct-ready.html""], ""action"": ""Begin""}"
A21389CE81CPZ0:386CSBG1O0WR6DW4INOEYJ7DBUAQ68,1,1534870513178,"{""phase"": ""INSTRUCTIONS"", ""indexOf"": 0, ""viewTime"": 46320, ""action"": ""NextPage"", ""template"": ""instructions/instruct-1.html""}"
A21389CE81CPZ0:386CSBG1O0WR6DW4INOEYJ7DBUAQ68,2,1534870517295,"{""phase"": ""INSTRUCTIONS"", ""indexOf"": 1, ""viewTime"": 4105, ""action"": ""FinishInstructions"", ""template"": ""instructions/instruct-ready.html""}"
A21389CE81CPZ0:386CSBG1O0WR6DW4INOEYJ7DBUAQ68,3,1534870524809,"{""rt"": 7484, ""hit"": 8, ""imageID"": ""static/dataset/gif_8.gif"", ""trial"": 1, ""phase"": ""TEST"", ""response"": ""desk""}"
A21389CE81CPZ0:386CSBG1O0WR6DW4INOEYJ7DBUAQ68,4,1534870530917,"{""rt"": 6108, ""hit"": 6, ""imageID"": ""static/dataset/gif_6.gif"", ""trial"": 2, ""phase"": ""TEST"", ""response"": ""table""}"
A21389CE81CPZ0:386CSBG1O0WR6DW4INOEYJ7DBUAQ68,5,1534870536905,"{""rt"": 5988, ""hit"": 7, ""imageID"": ""static/dataset/gif_7.gif"", ""trial"": 3, ""phase"": ""TEST"", ""response"": ""table""}"
A21389CE81CPZ0:386CSBG1O0WR6DW4INOEYJ7DBUAQ68,6,1534870543119,"{""rt"": 6213, ""hit"": 5, ""imageID"": ""static/dataset/gif_5.gif"", ""trial"": 4, ""phase"": ""TEST"", ""response"": ""chair""}"
A21389CE81CPZ0:386CSBG1O0WR6DW4INOEYJ7DBUAQ68,7,1534870549201,"{""rt"": 6082, ""hit"": 1, ""imageID"": ""static/dataset/gif_1.gif"", ""trial"": 5, ""phase"": ""TEST"", ""response"": ""chair""}"
A21389CE81CPZ0:386CSBG1O0WR6DW4INOEYJ7DBUAQ68,8,1534870554204,"{""rt"": 5001, ""hit"": 9, ""imageID"": ""static/dataset/gif_9.gif"", ""trial"": 6, ""phase"": ""TEST"", ""response"": ""table""}"
A21389CE81CPZ0:386CSBG1O0WR6DW4INOEYJ7DBUAQ68,9,1534870560310,"{""rt"": 6105, ""hit"": 4, ""imageID"": ""static/dataset/gif_4.gif"", ""trial"": 7, ""phase"": ""TEST"", ""response"": ""chair""}"
A21389CE81CPZ0:386CSBG1O0WR6DW4INOEYJ7DBUAQ68,10,1534870565080,"{""rt"": 4769, ""hit"": 10, ""imageID"": ""static/dataset/gif_10.gif"", ""trial"": 8, ""phase"": ""TEST"", ""response"": ""table""}"
A21389CE81CPZ0:386CSBG1O0WR6DW4INOEYJ7DBUAQ68,11,1534870569898,"{""rt"": 4817, ""hit"": 2, ""imageID"": ""static/dataset/gif_2.gif"", ""trial"": 9, ""phase"": ""TEST"", ""response"": ""chair""}"
A21389CE81CPZ0:386CSBG1O0WR6DW4INOEYJ7DBUAQ68,12,1534870574813,"{""rt"": 4910, ""hit"": 3, ""imageID"": ""static/dataset/gif_3.gif"", ""trial"": 10, ""phase"": ""TEST"", ""response"": ""chair""}"
A21389CE81CPZ0:386CSBG1O0WR6DW4INOEYJ7DBUAQ68,13,1534870574818,"{""phase"": ""postquestionnaire"", ""status"": ""begin""}"
A21389CE81CPZ0:386CSBG1O0WR6DW4INOEYJ7DBUAQ68,14,1534870595726,"{""phase"": ""postquestionnaire"", ""status"": ""submit""}"
A30Q8D20T8A5ZR:3ZY8KE4ISKDCL3B5JVWMABNCSN1VQ4,0,1534870523398,"{""phase"": ""INSTRUCTIONS"", ""templates"": [""instructions/instruct-1.html"", ""instructions/instruct-ready.html""], ""action"": ""Begin""}"
A30Q8D20T8A5ZR:3ZY8KE4ISKDCL3B5JVWMABNCSN1VQ4,1,1534870542220,"{""phase"": ""INSTRUCTIONS"", ""indexOf"": 0, ""viewTime"": 18818, ""action"": ""NextPage"", ""template"": ""instructions/instruct-1.html""}"
A30Q8D20T8A5ZR:3ZY8KE4ISKDCL3B5JVWMABNCSN1VQ4,2,1534870544372,"{""phase"": ""INSTRUCTIONS"", ""indexOf"": 1, ""viewTime"": 2150, ""action"": ""FinishInstructions"", ""template"": ""instructions/instruct-ready.html""}"
A30Q8D20T8A5ZR:3ZY8KE4ISKDCL3B5JVWMABNCSN1VQ4,3,1534870549643,"{""rt"": 5266, ""hit"": 10, ""imageID"": ""static/dataset/gif_10.gif"", ""trial"": 1, ""phase"": ""TEST"", ""response"": ""Table""}"
A30Q8D20T8A5ZR:3ZY8KE4ISKDCL3B5JVWMABNCSN1VQ4,4,1534870554123,"{""rt"": 4480, ""hit"": 8, ""imageID"": ""static/dataset/gif_8.gif"", ""trial"": 2, ""phase"": ""TEST"", ""response"": ""Table""}"
A30Q8D20T8A5ZR:3ZY8KE4ISKDCL3B5JVWMABNCSN1VQ4,5,1534870558251,"{""rt"": 4128, ""hit"": 5, ""imageID"": ""static/dataset/gif_5.gif"", ""trial"": 3, ""phase"": ""TEST"", ""response"": ""Chair""}"
A30Q8D20T8A5ZR:3ZY8KE4ISKDCL3B5JVWMABNCSN1VQ4,6,1534870561915,"{""rt"": 3663, ""hit"": 1, ""imageID"": ""static/dataset/gif_1.gif"", ""trial"": 4, ""phase"": ""TEST"", ""response"": ""Chair""}"
A30Q8D20T8A5ZR:3ZY8KE4ISKDCL3B5JVWMABNCSN1VQ4,7,1534870567203,"{""rt"": 5288, ""hit"": 4, ""imageID"": ""static/dataset/gif_4.gif"", ""trial"": 5, ""phase"": ""TEST"", ""response"": ""Chair""}"
A30Q8D20T8A5ZR:3ZY8KE4ISKDCL3B5JVWMABNCSN1VQ4,8,1534870571452,"{""rt"": 4249, ""hit"": 9, ""imageID"": ""static/dataset/gif_9.gif"", ""trial"": 6, ""phase"": ""TEST"", ""response"": ""Table""}"
A30Q8D20T8A5ZR:3ZY8KE4ISKDCL3B5JVWMABNCSN1VQ4,9,1534870574684,"{""rt"": 3232, ""hit"": 2, ""imageID"": ""static/dataset/gif_2.gif"", ""trial"": 7, ""phase"": ""TEST"", ""response"": ""Chair""}"
A30Q8D20T8A5ZR:3ZY8KE4ISKDCL3B5JVWMABNCSN1VQ4,10,1534870577933,"{""rt"": 3249, ""hit"": 7, ""imageID"": ""static/dataset/gif_7.gif"", ""trial"": 8, ""phase"": ""TEST"", ""response"": ""Table""}"
A30Q8D20T8A5ZR:3ZY8KE4ISKDCL3B5JVWMABNCSN1VQ4,11,1534870581189,"{""rt"": 3256, ""hit"": 6, ""imageID"": ""static/dataset/gif_6.gif"", ""trial"": 9, ""phase"": ""TEST"", ""response"": ""Table""}"
A30Q8D20T8A5ZR:3ZY8KE4ISKDCL3B5JVWMABNCSN1VQ4,12,1534870584548,"{""rt"": 3359, ""hit"": 3, ""imageID"": ""static/dataset/gif_3.gif"", ""trial"": 10, ""phase"": ""TEST"", ""response"": ""Chair""}"
A30Q8D20T8A5ZR:3ZY8KE4ISKDCL3B5JVWMABNCSN1VQ4,13,1534870584549,"{""phase"": ""postquestionnaire"", ""status"": ""begin""}"
A30Q8D20T8A5ZR:3ZY8KE4ISKDCL3B5JVWMABNCSN1VQ4,14,1534870598740,"{""phase"": ""postquestionnaire"", ""status"": ""submit""}"
A6YZ7PC1KBUI3:3Q8GYXHFEQCRT8M78MDEM84WBKZC5A,0,1534870607728,"{""phase"": ""INSTRUCTIONS"", ""templates"": [""instructions/instruct-1.html"", ""instructions/instruct-ready.html""], ""action"": ""Begin""}"
A6YZ7PC1KBUI3:3Q8GYXHFEQCRT8M78MDEM84WBKZC5A,1,1534870618729,"{""phase"": ""INSTRUCTIONS"", ""indexOf"": 0, ""viewTime"": 10999, ""action"": ""NextPage"", ""template"": ""instructions/instruct-1.html""}"
A6YZ7PC1KBUI3:3Q8GYXHFEQCRT8M78MDEM84WBKZC5A,2,1534870620393,"{""phase"": ""INSTRUCTIONS"", ""indexOf"": 1, ""viewTime"": 1663, ""action"": ""FinishInstructions"", ""template"": ""instructions/instruct-ready.html""}"
A6YZ7PC1KBUI3:3Q8GYXHFEQCRT8M78MDEM84WBKZC5A,3,1534870627305,"{""rt"": 6907, ""hit"": 2, ""imageID"": ""static/dataset/gif_2.gif"", ""trial"": 1, ""phase"": ""TEST"", ""response"": ""chair""}"
A6YZ7PC1KBUI3:3Q8GYXHFEQCRT8M78MDEM84WBKZC5A,4,1534870632456,"{""rt"": 5151, ""hit"": 9, ""imageID"": ""static/dataset/gif_9.gif"", ""trial"": 2, ""phase"": ""TEST"", ""response"": ""table""}"
A6YZ7PC1KBUI3:3Q8GYXHFEQCRT8M78MDEM84WBKZC5A,5,1534870641840,"{""rt"": 9383, ""hit"": 3, ""imageID"": ""static/dataset/gif_3.gif"", ""trial"": 3, ""phase"": ""TEST"", ""response"": ""chair""}"
A6YZ7PC1KBUI3:3Q8GYXHFEQCRT8M78MDEM84WBKZC5A,6,1534870647128,"{""rt"": 5287, ""hit"": 7, ""imageID"": ""static/dataset/gif_7.gif"", ""trial"": 4, ""phase"": ""TEST"", ""response"": ""table""}"
A6YZ7PC1KBUI3:3Q8GYXHFEQCRT8M78MDEM84WBKZC5A,7,1534870652264,"{""rt"": 5135, ""hit"": 8, ""imageID"": ""static/dataset/gif_8.gif"", ""trial"": 5, ""phase"": ""TEST"", ""response"": ""desk""}"
A6YZ7PC1KBUI3:3Q8GYXHFEQCRT8M78MDEM84WBKZC5A,8,1534870659400,"{""rt"": 7135, ""hit"": 6, ""imageID"": ""static/dataset/gif_6.gif"", ""trial"": 6, ""phase"": ""TEST"", ""response"": ""table""}"
A6YZ7PC1KBUI3:3Q8GYXHFEQCRT8M78MDEM84WBKZC5A,9,1534870670872,"{""rt"": 11472, ""hit"": 5, ""imageID"": ""static/dataset/gif_5.gif"", ""trial"": 7, ""phase"": ""TEST"", ""response"": ""sofa""}"
A6YZ7PC1KBUI3:3Q8GYXHFEQCRT8M78MDEM84WBKZC5A,10,1534870676033,"{""rt"": 5160, ""hit"": 4, ""imageID"": ""static/dataset/gif_4.gif"", ""trial"": 8, ""phase"": ""TEST"", ""response"": ""chair""}"
A6YZ7PC1KBUI3:3Q8GYXHFEQCRT8M78MDEM84WBKZC5A,11,1534870682248,"{""rt"": 6215, ""hit"": 10, ""imageID"": ""static/dataset/gif_10.gif"", ""trial"": 9, ""phase"": ""TEST"", ""response"": ""table""}"
A6YZ7PC1KBUI3:3Q8GYXHFEQCRT8M78MDEM84WBKZC5A,12,1534870689505,"{""rt"": 7256, ""hit"": 1, ""imageID"": ""static/dataset/gif_1.gif"", ""trial"": 10, ""phase"": ""TEST"", ""response"": ""chair""}"
A6YZ7PC1KBUI3:3Q8GYXHFEQCRT8M78MDEM84WBKZC5A,13,1534870689505,"{""phase"": ""postquestionnaire"", ""status"": ""begin""}"
A6YZ7PC1KBUI3:3Q8GYXHFEQCRT8M78MDEM84WBKZC5A,14,1534870709857,"{""phase"": ""postquestionnaire"", ""status"": ""submit""}"
A3IJNRA4E9ZSYA:3B1NLC6UG0683UKVUNIBA5US0CSGPA,0,1534870722801,"{""phase"": ""INSTRUCTIONS"", ""templates"": [""instructions/instruct-1.html"", ""instructions/instruct-ready.html""], ""action"": ""Begin""}"
A3IJNRA4E9ZSYA:3B1NLC6UG0683UKVUNIBA5US0CSGPA,1,1534870762873,"{""phase"": ""INSTRUCTIONS"", ""indexOf"": 0, ""viewTime"": 40062, ""action"": ""NextPage"", ""template"": ""instructions/instruct-1.html""}"
A3IJNRA4E9ZSYA:3B1NLC6UG0683UKVUNIBA5US0CSGPA,2,1534870764136,"{""phase"": ""INSTRUCTIONS"", ""indexOf"": 1, ""viewTime"": 1262, ""action"": ""FinishInstructions"", ""template"": ""instructions/instruct-ready.html""}"
A3IJNRA4E9ZSYA:3B1NLC6UG0683UKVUNIBA5US0CSGPA,3,1534870772736,"{""rt"": 8595, ""hit"": 8, ""imageID"": ""static/dataset/gif_8.gif"", ""trial"": 1, ""phase"": ""TEST"", ""response"": ""desk""}"
A3IJNRA4E9ZSYA:3B1NLC6UG0683UKVUNIBA5US0CSGPA,4,1534870776745,"{""rt"": 4009, ""hit"": 7, ""imageID"": ""static/dataset/gif_7.gif"", ""trial"": 2, ""phase"": ""TEST"", ""response"": ""table""}"
A3IJNRA4E9ZSYA:3B1NLC6UG0683UKVUNIBA5US0CSGPA,5,1534870780992,"{""rt"": 4247, ""hit"": 6, ""imageID"": ""static/dataset/gif_6.gif"", ""trial"": 3, ""phase"": ""TEST"", ""response"": ""table""}"
A3IJNRA4E9ZSYA:3B1NLC6UG0683UKVUNIBA5US0CSGPA,6,1534870785072,"{""rt"": 4079, ""hit"": 3, ""imageID"": ""static/dataset/gif_3.gif"", ""trial"": 4, ""phase"": ""TEST"", ""response"": ""chair""}"
A3IJNRA4E9ZSYA:3B1NLC6UG0683UKVUNIBA5US0CSGPA,7,1534870788760,"{""rt"": 3687, ""hit"": 1, ""imageID"": ""static/dataset/gif_1.gif"", ""trial"": 5, ""phase"": ""TEST"", ""response"": ""chair""}"
A3IJNRA4E9ZSYA:3B1NLC6UG0683UKVUNIBA5US0CSGPA,8,1534870794105,"{""rt"": 5344, ""hit"": 10, ""imageID"": ""static/dataset/gif_10.gif"", ""trial"": 6, ""phase"": ""TEST"", ""response"": ""table""}"
A3IJNRA4E9ZSYA:3B1NLC6UG0683UKVUNIBA5US0CSGPA,9,1534870797409,"{""rt"": 3304, ""hit"": 2, ""imageID"": ""static/dataset/gif_2.gif"", ""trial"": 7, ""phase"": ""TEST"", ""response"": ""chair""}"
A3IJNRA4E9ZSYA:3B1NLC6UG0683UKVUNIBA5US0CSGPA,10,1534870800800,"{""rt"": 3391, ""hit"": 5, ""imageID"": ""static/dataset/gif_5.gif"", ""trial"": 8, ""phase"": ""TEST"", ""response"": ""chair""}"
A3IJNRA4E9ZSYA:3B1NLC6UG0683UKVUNIBA5US0CSGPA,11,1534870804688,"{""rt"": 3888, ""hit"": 9, ""imageID"": ""static/dataset/gif_9.gif"", ""trial"": 9, ""phase"": ""TEST"", ""response"": ""table""}"
A3IJNRA4E9ZSYA:3B1NLC6UG0683UKVUNIBA5US0CSGPA,12,1534870808560,"{""rt"": 3871, ""hit"": 4, ""imageID"": ""static/dataset/gif_4.gif"", ""trial"": 10, ""phase"": ""TEST"", ""response"": ""chair""}"
A3IJNRA4E9ZSYA:3B1NLC6UG0683UKVUNIBA5US0CSGPA,13,1534870808562,"{""phase"": ""postquestionnaire"", ""status"": ""begin""}"
A3IJNRA4E9ZSYA:3B1NLC6UG0683UKVUNIBA5US0CSGPA,14,1534870816304,"{""phase"": ""postquestionnaire"", ""status"": ""submit""}"
A2C2QEHTYDJJ3Y:3PDJHANYK6QETKX1ZX1KP5FCK7FH64,0,1534870788489,"{""phase"": ""INSTRUCTIONS"", ""templates"": [""instructions/instruct-1.html"", ""instructions/instruct-ready.html""], ""action"": ""Begin""}"
A2C2QEHTYDJJ3Y:3PDJHANYK6QETKX1ZX1KP5FCK7FH64,1,1534870804330,"{""phase"": ""INSTRUCTIONS"", ""indexOf"": 0, ""viewTime"": 15833, ""action"": ""NextPage"", ""template"": ""instructions/instruct-1.html""}"
A2C2QEHTYDJJ3Y:3PDJHANYK6QETKX1ZX1KP5FCK7FH64,2,1534870805721,"{""phase"": ""INSTRUCTIONS"", ""indexOf"": 1, ""viewTime"": 1385, ""action"": ""FinishInstructions"", ""template"": ""instructions/instruct-ready.html""}"
A2C2QEHTYDJJ3Y:3PDJHANYK6QETKX1ZX1KP5FCK7FH64,3,1534870809726,"{""rt"": 3988, ""hit"": 4, ""imageID"": ""static/dataset/gif_4.gif"", ""trial"": 1, ""phase"": ""TEST"", ""response"": ""chair""}"
A2C2QEHTYDJJ3Y:3PDJHANYK6QETKX1ZX1KP5FCK7FH64,4,1534870813468,"{""rt"": 3739, ""hit"": 7, ""imageID"": ""static/dataset/gif_7.gif"", ""trial"": 2, ""phase"": ""TEST"", ""response"": ""table""}"
A2C2QEHTYDJJ3Y:3PDJHANYK6QETKX1ZX1KP5FCK7FH64,5,1534870816478,"{""rt"": 3009, ""hit"": 8, ""imageID"": ""static/dataset/gif_8.gif"", ""trial"": 3, ""phase"": ""TEST"", ""response"": ""table""}"
A2C2QEHTYDJJ3Y:3PDJHANYK6QETKX1ZX1KP5FCK7FH64,6,1534870819653,"{""rt"": 3174, ""hit"": 3, ""imageID"": ""static/dataset/gif_3.gif"", ""trial"": 4, ""phase"": ""TEST"", ""response"": ""chair""}"
A2C2QEHTYDJJ3Y:3PDJHANYK6QETKX1ZX1KP5FCK7FH64,7,1534870822790,"{""rt"": 3137, ""hit"": 2, ""imageID"": ""static/dataset/gif_2.gif"", ""trial"": 5, ""phase"": ""TEST"", ""response"": ""chair""}"
A2C2QEHTYDJJ3Y:3PDJHANYK6QETKX1ZX1KP5FCK7FH64,8,1534870825456,"{""rt"": 2665, ""hit"": 5, ""imageID"": ""static/dataset/gif_5.gif"", ""trial"": 6, ""phase"": ""TEST"", ""response"": ""chair""}"
A2C2QEHTYDJJ3Y:3PDJHANYK6QETKX1ZX1KP5FCK7FH64,9,1534870828352,"{""rt"": 2895, ""hit"": 9, ""imageID"": ""static/dataset/gif_9.gif"", ""trial"": 7, ""phase"": ""TEST"", ""response"": ""table""}"
A2C2QEHTYDJJ3Y:3PDJHANYK6QETKX1ZX1KP5FCK7FH64,10,1534870831560,"{""rt"": 3207, ""hit"": 10, ""imageID"": ""static/dataset/gif_10.gif"", ""trial"": 8, ""phase"": ""TEST"", ""response"": ""table""}"
A2C2QEHTYDJJ3Y:3PDJHANYK6QETKX1ZX1KP5FCK7FH64,11,1534870836445,"{""rt"": 4884, ""hit"": 6, ""imageID"": ""static/dataset/gif_6.gif"", ""trial"": 9, ""phase"": ""TEST"", ""response"": ""table""}"
A2C2QEHTYDJJ3Y:3PDJHANYK6QETKX1ZX1KP5FCK7FH64,12,1534870839618,"{""rt"": 3172, ""hit"": 1, ""imageID"": ""static/dataset/gif_1.gif"", ""trial"": 10, ""phase"": ""TEST"", ""response"": ""chair""}"
A2C2QEHTYDJJ3Y:3PDJHANYK6QETKX1ZX1KP5FCK7FH64,13,1534870839625,"{""phase"": ""postquestionnaire"", ""status"": ""begin""}"
A2C2QEHTYDJJ3Y:3PDJHANYK6QETKX1ZX1KP5FCK7FH64,14,1534870847988,"{""phase"": ""postquestionnaire"", ""status"": ""submit""}"
A3N7POEMLYTTZD:3TPZPLC3M1M79I87Z8BRRB5JW7OP3C,0,1534870938102,"{""phase"": ""INSTRUCTIONS"", ""templates"": [""instructions/instruct-1.html"", ""instructions/instruct-ready.html""], ""action"": ""Begin""}"
A3N7POEMLYTTZD:3TPZPLC3M1M79I87Z8BRRB5JW7OP3C,1,1534870952576,"{""phase"": ""INSTRUCTIONS"", ""indexOf"": 0, ""viewTime"": 14471, ""action"": ""NextPage"", ""template"": ""instructions/instruct-1.html""}"
A3N7POEMLYTTZD:3TPZPLC3M1M79I87Z8BRRB5JW7OP3C,2,1534870956319,"{""phase"": ""INSTRUCTIONS"", ""indexOf"": 1, ""viewTime"": 3740, ""action"": ""FinishInstructions"", ""template"": ""instructions/instruct-ready.html""}"
A3N7POEMLYTTZD:3TPZPLC3M1M79I87Z8BRRB5JW7OP3C,3,1534870961520,"{""rt"": 5196, ""hit"": 8, ""imageID"": ""static/dataset/gif_8.gif"", ""trial"": 1, ""phase"": ""TEST"", ""response"": ""desk""}"
A3N7POEMLYTTZD:3TPZPLC3M1M79I87Z8BRRB5JW7OP3C,4,1534870966439,"{""rt"": 4919, ""hit"": 3, ""imageID"": ""static/dataset/gif_3.gif"", ""trial"": 2, ""phase"": ""TEST"", ""response"": ""chair""}"
A3N7POEMLYTTZD:3TPZPLC3M1M79I87Z8BRRB5JW7OP3C,5,1534870971103,"{""rt"": 4664, ""hit"": 5, ""imageID"": ""static/dataset/gif_5.gif"", ""trial"": 3, ""phase"": ""TEST"", ""response"": ""chair""}"
A3N7POEMLYTTZD:3TPZPLC3M1M79I87Z8BRRB5JW7OP3C,6,1534870976375,"{""rt"": 5272, ""hit"": 9, ""imageID"": ""static/dataset/gif_9.gif"", ""trial"": 4, ""phase"": ""TEST"", ""response"": ""table""}"
A3N7POEMLYTTZD:3TPZPLC3M1M79I87Z8BRRB5JW7OP3C,7,1534870980623,"{""rt"": 4248, ""hit"": 1, ""imageID"": ""static/dataset/gif_1.gif"", ""trial"": 5, ""phase"": ""TEST"", ""response"": ""chair""}"
A3N7POEMLYTTZD:3TPZPLC3M1M79I87Z8BRRB5JW7OP3C,8,1534870984647,"{""rt"": 4024, ""hit"": 2, ""imageID"": ""static/dataset/gif_2.gif"", ""trial"": 6, ""phase"": ""TEST"", ""response"": ""chair""}"
A3N7POEMLYTTZD:3TPZPLC3M1M79I87Z8BRRB5JW7OP3C,9,1534870988927,"{""rt"": 4279, ""hit"": 7, ""imageID"": ""static/dataset/gif_7.gif"", ""trial"": 7, ""phase"": ""TEST"", ""response"": ""table""}"
A3N7POEMLYTTZD:3TPZPLC3M1M79I87Z8BRRB5JW7OP3C,10,1534870993039,"{""rt"": 4112, ""hit"": 6, ""imageID"": ""static/dataset/gif_6.gif"", ""trial"": 8, ""phase"": ""TEST"", ""response"": ""table""}"
A3N7POEMLYTTZD:3TPZPLC3M1M79I87Z8BRRB5JW7OP3C,11,1534870997391,"{""rt"": 4351, ""hit"": 10, ""imageID"": ""static/dataset/gif_10.gif"", ""trial"": 9, ""phase"": ""TEST"", ""response"": ""table""}"
A3N7POEMLYTTZD:3TPZPLC3M1M79I87Z8BRRB5JW7OP3C,12,1534871001519,"{""rt"": 4126, ""hit"": 4, ""imageID"": ""static/dataset/gif_4.gif"", ""trial"": 10, ""phase"": ""TEST"", ""response"": ""chair""}"
A3N7POEMLYTTZD:3TPZPLC3M1M79I87Z8BRRB5JW7OP3C,13,1534871001520,"{""phase"": ""postquestionnaire"", ""status"": ""begin""}"
A3N7POEMLYTTZD:3TPZPLC3M1M79I87Z8BRRB5JW7OP3C,14,1534871012262,"{""phase"": ""postquestionnaire"", ""status"": ""submit""}"
A3TCG4YXYAYN6N:3TPZPLC3M1M79I87Z8BRRB5JW7RP3F,0,1534871234223,"{""phase"": ""INSTRUCTIONS"", ""templates"": [""instructions/instruct-1.html"", ""instructions/instruct-ready.html""], ""action"": ""Begin""}"
A3TCG4YXYAYN6N:3TPZPLC3M1M79I87Z8BRRB5JW7RP3F,1,1534871247939,"{""phase"": ""INSTRUCTIONS"", ""indexOf"": 0, ""viewTime"": 13709, ""action"": ""NextPage"", ""template"": ""instructions/instruct-1.html""}"
A3TCG4YXYAYN6N:3TPZPLC3M1M79I87Z8BRRB5JW7RP3F,2,1534871249568,"{""phase"": ""INSTRUCTIONS"", ""indexOf"": 1, ""viewTime"": 1623, ""action"": ""FinishInstructions"", ""template"": ""instructions/instruct-ready.html""}"
A3TCG4YXYAYN6N:3TPZPLC3M1M79I87Z8BRRB5JW7RP3F,3,1534871259736,"{""rt"": 10147, ""hit"": 5, ""imageID"": ""static/dataset/gif_5.gif"", ""trial"": 1, ""phase"": ""TEST"", ""response"": ""chair""}"
A3TCG4YXYAYN6N:3TPZPLC3M1M79I87Z8BRRB5JW7RP3F,4,1534871272369,"{""rt"": 12632, ""hit"": 6, ""imageID"": ""static/dataset/gif_6.gif"", ""trial"": 2, ""phase"": ""TEST"", ""response"": ""table legs""}"
A3TCG4YXYAYN6N:3TPZPLC3M1M79I87Z8BRRB5JW7RP3F,5,1534871277931,"{""rt"": 5561, ""hit"": 2, ""imageID"": ""static/dataset/gif_2.gif"", ""trial"": 3, ""phase"": ""TEST"", ""response"": ""chair""}"
A3TCG4YXYAYN6N:3TPZPLC3M1M79I87Z8BRRB5JW7RP3F,6,1534871286187,"{""rt"": 8255, ""hit"": 4, ""imageID"": ""static/dataset/gif_4.gif"", ""trial"": 4, ""phase"": ""TEST"", ""response"": ""lounge chair""}"
A3TCG4YXYAYN6N:3TPZPLC3M1M79I87Z8BRRB5JW7RP3F,7,1534871290620,"{""rt"": 4431, ""hit"": 8, ""imageID"": ""static/dataset/gif_8.gif"", ""trial"": 5, ""phase"": ""TEST"", ""response"": ""desk""}"
A3TCG4YXYAYN6N:3TPZPLC3M1M79I87Z8BRRB5JW7RP3F,8,1534871302793,"{""rt"": 12171, ""hit"": 1, ""imageID"": ""static/dataset/gif_1.gif"", ""trial"": 6, ""phase"": ""TEST"", ""response"": ""camping chair""}"
A3TCG4YXYAYN6N:3TPZPLC3M1M79I87Z8BRRB5JW7RP3F,9,1534871312656,"{""rt"": 9862, ""hit"": 3, ""imageID"": ""static/dataset/gif_3.gif"", ""trial"": 7, ""phase"": ""TEST"", ""response"": ""office chair""}"
A3TCG4YXYAYN6N:3TPZPLC3M1M79I87Z8BRRB5JW7RP3F,10,1534871317687,"{""rt"": 5031, ""hit"": 10, ""imageID"": ""static/dataset/gif_10.gif"", ""trial"": 8, ""phase"": ""TEST"", ""response"": ""table""}"
A3TCG4YXYAYN6N:3TPZPLC3M1M79I87Z8BRRB5JW7RP3F,11,1534871322569,"{""rt"": 4880, ""hit"": 9, ""imageID"": ""static/dataset/gif_9.gif"", ""trial"": 9, ""phase"": ""TEST"", ""response"": ""table""}"
A3TCG4YXYAYN6N:3TPZPLC3M1M79I87Z8BRRB5JW7RP3F,12,1534871328729,"{""rt"": 6160, ""hit"": 7, ""imageID"": ""static/dataset/gif_7.gif"", ""trial"": 10, ""phase"": ""TEST"", ""response"": ""end table""}"
A3TCG4YXYAYN6N:3TPZPLC3M1M79I87Z8BRRB5JW7RP3F,13,1534871328731,"{""phase"": ""postquestionnaire"", ""status"": ""begin""}"
A3TCG4YXYAYN6N:3TPZPLC3M1M79I87Z8BRRB5JW7RP3F,14,1534871338956,"{""phase"": ""postquestionnaire"", ""status"": ""submit""}"
A2JWHS06PQMJ1:3Y9N9SS8LZLYKL5HUZKWRHOUIOT3DK,0,1534872537796,"{""phase"": ""INSTRUCTIONS"", ""templates"": [""instructions/instruct-1.html"", ""instructions/instruct-ready.html""], ""action"": ""Begin""}"
A2JWHS06PQMJ1:3Y9N9SS8LZLYKL5HUZKWRHOUIOT3DK,1,1534872554690,"{""phase"": ""INSTRUCTIONS"", ""indexOf"": 0, ""viewTime"": 16864, ""action"": ""NextPage"", ""template"": ""instructions/instruct-1.html""}"
A2JWHS06PQMJ1:3Y9N9SS8LZLYKL5HUZKWRHOUIOT3DK,2,1534872556104,"{""phase"": ""INSTRUCTIONS"", ""indexOf"": 1, ""viewTime"": 1408, ""action"": ""FinishInstructions"", ""template"": ""instructions/instruct-ready.html""}"
A2JWHS06PQMJ1:3Y9N9SS8LZLYKL5HUZKWRHOUIOT3DK,3,1534872558991,"{""rt"": 2868, ""hit"": 2, ""imageID"": ""static/dataset/gif_2.gif"", ""trial"": 1, ""phase"": ""TEST"", ""response"": ""chair""}"
A2JWHS06PQMJ1:3Y9N9SS8LZLYKL5HUZKWRHOUIOT3DK,4,1534872563628,"{""rt"": 4632, ""hit"": 9, ""imageID"": ""static/dataset/gif_9.gif"", ""trial"": 2, ""phase"": ""TEST"", ""response"": ""table""}"
A2JWHS06PQMJ1:3Y9N9SS8LZLYKL5HUZKWRHOUIOT3DK,5,1534872569451,"{""rt"": 5822, ""hit"": 8, ""imageID"": ""static/dataset/gif_8.gif"", ""trial"": 3, ""phase"": ""TEST"", ""response"": ""table""}"
A2JWHS06PQMJ1:3Y9N9SS8LZLYKL5HUZKWRHOUIOT3DK,6,1534872572050,"{""rt"": 2597, ""hit"": 6, ""imageID"": ""static/dataset/gif_6.gif"", ""trial"": 4, ""phase"": ""TEST"", ""response"": ""table""}"
A2JWHS06PQMJ1:3Y9N9SS8LZLYKL5HUZKWRHOUIOT3DK,7,1534872576992,"{""rt"": 4940, ""hit"": 7, ""imageID"": ""static/dataset/gif_7.gif"", ""trial"": 5, ""phase"": ""TEST"", ""response"": ""table""}"
A2JWHS06PQMJ1:3Y9N9SS8LZLYKL5HUZKWRHOUIOT3DK,8,1534872580354,"{""rt"": 3361, ""hit"": 5, ""imageID"": ""static/dataset/gif_5.gif"", ""trial"": 6, ""phase"": ""TEST"", ""response"": ""chair""}"
A2JWHS06PQMJ1:3Y9N9SS8LZLYKL5HUZKWRHOUIOT3DK,9,1534872588580,"{""rt"": 8225, ""hit"": 10, ""imageID"": ""static/dataset/gif_10.gif"", ""trial"": 7, ""phase"": ""TEST"", ""response"": ""chair""}"
A2JWHS06PQMJ1:3Y9N9SS8LZLYKL5HUZKWRHOUIOT3DK,10,1534872594694,"{""rt"": 6113, ""hit"": 1, ""imageID"": ""static/dataset/gif_1.gif"", ""trial"": 8, ""phase"": ""TEST"", ""response"": ""chair""}"
A2JWHS06PQMJ1:3Y9N9SS8LZLYKL5HUZKWRHOUIOT3DK,11,1534872600733,"{""rt"": 6038, ""hit"": 3, ""imageID"": ""static/dataset/gif_3.gif"", ""trial"": 9, ""phase"": ""TEST"", ""response"": ""chair""}"
A2JWHS06PQMJ1:3Y9N9SS8LZLYKL5HUZKWRHOUIOT3DK,12,1534872603958,"{""rt"": 3225, ""hit"": 4, ""imageID"": ""static/dataset/gif_4.gif"", ""trial"": 10, ""phase"": ""TEST"", ""response"": ""chair""}"
A2JWHS06PQMJ1:3Y9N9SS8LZLYKL5HUZKWRHOUIOT3DK,13,1534872603962,"{""phase"": ""postquestionnaire"", ""status"": ""begin""}"
A2JWHS06PQMJ1:3Y9N9SS8LZLYKL5HUZKWRHOUIOT3DK,14,1534872613015,"{""phase"": ""postquestionnaire"", ""status"": ""submit""}"
APUPF3D94XYUQ:3WAKVUDHUXQ226HQI6DBEY4Y9R1U7J,0,1534878817040,"{""phase"": ""INSTRUCTIONS"", ""templates"": [""instructions/instruct-1.html"", ""instructions/instruct-ready.html""], ""action"": ""Begin""}"
APUPF3D94XYUQ:3WAKVUDHUXQ226HQI6DBEY4Y9R1U7J,1,1534878858940,"{""phase"": ""INSTRUCTIONS"", ""indexOf"": 0, ""viewTime"": 41866, ""action"": ""NextPage"", ""template"": ""instructions/instruct-1.html""}"
APUPF3D94XYUQ:3WAKVUDHUXQ226HQI6DBEY4Y9R1U7J,2,1534878860993,"{""phase"": ""INSTRUCTIONS"", ""indexOf"": 1, ""viewTime"": 2044, ""action"": ""FinishInstructions"", ""template"": ""instructions/instruct-ready.html""}"
APUPF3D94XYUQ:3WAKVUDHUXQ226HQI6DBEY4Y9R1U7J,3,1534878868933,"{""rt"": 7923, ""hit"": 2, ""imageID"": ""static/dataset/gif_2.gif"", ""trial"": 1, ""phase"": ""TEST"", ""response"": ""chair""}"
APUPF3D94XYUQ:3WAKVUDHUXQ226HQI6DBEY4Y9R1U7J,4,1534878873570,"{""rt"": 4637, ""hit"": 5, ""imageID"": ""static/dataset/gif_5.gif"", ""trial"": 2, ""phase"": ""TEST"", ""response"": ""chair""}"
APUPF3D94XYUQ:3WAKVUDHUXQ226HQI6DBEY4Y9R1U7J,5,1534878878003,"{""rt"": 4433, ""hit"": 3, ""imageID"": ""static/dataset/gif_3.gif"", ""trial"": 3, ""phase"": ""TEST"", ""response"": ""chair""}"
APUPF3D94XYUQ:3WAKVUDHUXQ226HQI6DBEY4Y9R1U7J,6,1534878883341,"{""rt"": 5334, ""hit"": 1, ""imageID"": ""static/dataset/gif_1.gif"", ""trial"": 4, ""phase"": ""TEST"", ""response"": ""chair""}"
APUPF3D94XYUQ:3WAKVUDHUXQ226HQI6DBEY4Y9R1U7J,7,1534878890544,"{""rt"": 7203, ""hit"": 4, ""imageID"": ""static/dataset/gif_4.gif"", ""trial"": 5, ""phase"": ""TEST"", ""response"": ""chair""}"
APUPF3D94XYUQ:3WAKVUDHUXQ226HQI6DBEY4Y9R1U7J,8,1534878905975,"{""rt"": 15431, ""hit"": 8, ""imageID"": ""static/dataset/gif_8.gif"", ""trial"": 6, ""phase"": ""TEST"", ""response"": ""chair""}"
APUPF3D94XYUQ:3WAKVUDHUXQ226HQI6DBEY4Y9R1U7J,9,1534878909909,"{""rt"": 3934, ""hit"": 9, ""imageID"": ""static/dataset/gif_9.gif"", ""trial"": 7, ""phase"": ""TEST"", ""response"": ""table""}"
APUPF3D94XYUQ:3WAKVUDHUXQ226HQI6DBEY4Y9R1U7J,10,1534878913900,"{""rt"": 3991, ""hit"": 7, ""imageID"": ""static/dataset/gif_7.gif"", ""trial"": 8, ""phase"": ""TEST"", ""response"": ""table""}"
APUPF3D94XYUQ:3WAKVUDHUXQ226HQI6DBEY4Y9R1U7J,11,1534878924584,"{""rt"": 10684, ""hit"": 10, ""imageID"": ""static/dataset/gif_10.gif"", ""trial"": 9, ""phase"": ""TEST"", ""response"": ""table""}"
APUPF3D94XYUQ:3WAKVUDHUXQ226HQI6DBEY4Y9R1U7J,12,1534878928635,"{""rt"": 4051, ""hit"": 6, ""imageID"": ""static/dataset/gif_6.gif"", ""trial"": 10, ""phase"": ""TEST"", ""response"": ""table""}"
APUPF3D94XYUQ:3WAKVUDHUXQ226HQI6DBEY4Y9R1U7J,13,1534878928635,"{""phase"": ""postquestionnaire"", ""status"": ""begin""}"
APUPF3D94XYUQ:3WAKVUDHUXQ226HQI6DBEY4Y9R1U7J,14,1534878935897,"{""phase"": ""postquestionnaire"", ""status"": ""submit""}"
